orden_id,cliente_id,ciudad_destino,cedi_id,peso_kg,vol_m3,revenue,fecha
ORD00023,31640,Denver,HUB-WEST,1.0,1.0,,2018-01-02
ORD00043,22106,San Diego,HUB-WEST,10.0,10.0,,2018-01-02
ORD00047,33759,Seattle,HUB-WEST,10.0,10.0,,2018-01-02
ORD00118,14516,Phoenix,HUB-WEST,1.0,1.0,,2018-01-03
ORD00137,10045,New York,HUB-EAST,1.0,1.0,,2018-01-03
ORD00145,34434,Seattle,HUB-WEST,1.0,1.0,,2018-01-03
ORD00214,28996,Charlotte,HUB-EAST,1.0,1.0,,2018-01-04
ORD00216,39716,Los Angeles,HUB-WEST,16.0,16.0,,2018-01-04
ORD00217,9578,Los Angeles,HUB-WEST,18.0,108.0,,2018-01-04
ORD00232,40316,New York,HUB-EAST,1.0,1.0,,2018-01-04
ORD00234,24120,San Jose,HUB-WEST,20.0,20.0,,2018-01-04
ORD00256,37402,Columbus,HUB-MID,1.0,1.0,,2018-01-04
ORD00265,19999,Jacksonville,HUB-EAST,225.0,1224.0,,2018-01-04
ORD00321,21110,Chicago,HUB-MID,190.0,190.0,,2018-01-05
ORD00354,34006,Nashville,HUB-EAST,1.0,1.0,,2018-01-05
ORD00355,2837,Nashville,HUB-EAST,1.0,1.0,,2018-01-05
ORD00356,13119,Houston,HUB-SOUTH,5.0,5.0,,2018-01-05
ORD00358,24203,Los Angeles,HUB-WEST,1.0,1.0,,2018-01-05
ORD00398,7970,Philadelphia,HUB-EAST,1.0,1.0,,2018-01-08
ORD00401,36403,Indianapolis,HUB-MID,1.0,1.0,,2018-01-08
ORD00402,24344,San Antonio,HUB-SOUTH,1.0,1.0,,2018-01-08
ORD00405,16863,Austin,HUB-SOUTH,1.0,1.0,,2018-01-08
ORD00407,22326,Chicago,HUB-MID,1.0,1.0,,2018-01-08
ORD00409,2593,New York,HUB-EAST,1.0,1.0,,2018-01-08
ORD00414,31016,New York,HUB-EAST,1.0,1.0,,2018-01-08
ORD00427,28339,San Francisco,HUB-WEST,1.0,1.0,,2018-01-08
ORD00431,35188,Charlotte,HUB-EAST,1.0,1.0,,2018-01-08
ORD00452,38512,San Jose,HUB-WEST,1.0,1.0,,2018-01-08
ORD00472,3060,Dallas,HUB-SOUTH,2.0,9.0,,2018-01-09
ORD00529,2176,Denver,HUB-WEST,1.0,1.0,,2018-01-09
ORD00547,24546,Jacksonville,HUB-EAST,1.0,1.0,,2018-01-09
ORD00552,6131,San Francisco,HUB-WEST,1.0,1.0,,2018-01-09
ORD00557,19815,Seattle,HUB-WEST,50.0,50.0,,2018-01-09
ORD00575,29740,San Diego,HUB-WEST,1.0,1.0,,2018-01-09
ORD00578,21199,Seattle,HUB-WEST,1.0,1.0,,2018-01-09
ORD00594,27222,San Antonio,HUB-SOUTH,1.0,1.0,,2018-01-09
ORD00596,34941,Jacksonville,HUB-EAST,1.0,1.0,,2018-01-09
ORD00621,36251,San Jose,HUB-WEST,1.0,1.0,,2018-01-09
ORD00622,12209,Houston,HUB-SOUTH,1.0,1.0,,2018-01-09
ORD00623,24116,Dallas,HUB-SOUTH,1.0,1.0,,2018-01-09
ORD00643,5103,San Jose,HUB-WEST,1.0,6.0,,2018-01-10
ORD00687,26052,Jacksonville,HUB-EAST,600.0,600.0,,2018-01-10
ORD00716,17424,Austin,HUB-SOUTH,1.0,1.0,,2018-01-10
ORD00720,21509,Chicago,HUB-MID,1.0,1.0,,2018-01-10
ORD00721,4857,Denver,HUB-WEST,1.0,1.0,,2018-01-10
ORD00722,18250,San Francisco,HUB-WEST,1.0,1.0,,2018-01-10
ORD00728,28038,San Jose,HUB-WEST,1.0,1.0,,2018-01-10
ORD00732,12139,Denver,HUB-WEST,1.0,1.0,,2018-01-10
ORD00737,19818,San Antonio,HUB-SOUTH,1.0,1.0,,2018-01-10
ORD00745,24481,San Diego,HUB-WEST,300.0,300.0,,2018-01-10
ORD00747,19817,San Antonio,HUB-SOUTH,300.0,300.0,,2018-01-10
ORD00748,19815,San Antonio,HUB-SOUTH,600.0,600.0,,2018-01-10
ORD00749,32200,Houston,HUB-SOUTH,350.0,350.0,,2018-01-10
ORD00754,19816,Jacksonville,HUB-EAST,200.0,200.0,,2018-01-10
ORD00756,32802,Charlotte,HUB-EAST,1.0,1.0,,2018-01-10
ORD00777,34189,Chicago,HUB-MID,1.0,1.0,,2018-01-10
ORD00789,35593,New York,HUB-EAST,10.0,10.0,,2018-01-10
ORD00790,13761,Los Angeles,HUB-WEST,13.0,13.0,,2018-01-10
ORD00874,9273,Columbus,HUB-MID,1.0,1.0,,2018-01-11
ORD00882,39532,Dallas,HUB-SOUTH,1.0,1.0,,2018-01-11
ORD00911,14075,Houston,HUB-SOUTH,4.0,4.0,,2018-01-11
ORD00946,4118,Nashville,HUB-EAST,1.0,1.0,,2018-01-11
ORD00947,137,Chicago,HUB-MID,1.0,1.0,,2018-01-11
ORD00950,25670,Los Angeles,HUB-WEST,1.0,1.0,,2018-01-11
ORD00954,21045,Indianapolis,HUB-MID,1.0,1.0,,2018-01-11
ORD00960,36339,Houston,HUB-SOUTH,1.0,1.0,,2018-01-11
ORD00971,28614,Dallas,HUB-SOUTH,1.0,1.0,,2018-01-11
ORD00976,10349,Los Angeles,HUB-WEST,1.0,1.0,,2018-01-11
ORD01011,11562,Indianapolis,HUB-MID,6.0,6.0,,2018-01-12
ORD01042,20217,Dallas,HUB-SOUTH,15.0,15.0,,2018-01-12
ORD01079,35685,San Francisco,HUB-WEST,1.0,1.0,,2018-01-12
ORD01081,9797,Nashville,HUB-EAST,1.0,1.0,,2018-01-12
ORD01116,28949,Nashville,HUB-EAST,2.0,2.0,,2018-01-12
ORD01128,34570,Jacksonville,HUB-EAST,1.0,1.0,,2018-01-12
ORD01130,21944,Dallas,HUB-SOUTH,1.0,1.0,,2018-01-12
ORD01164,3669,Austin,HUB-SOUTH,1.0,1.0,,2018-01-12
ORD01176,18389,San Antonio,HUB-SOUTH,109.0,109.0,,2018-01-12
ORD01184,18633,Dallas,HUB-SOUTH,1.0,1.0,,2018-01-12
ORD01187,10936,Jacksonville,HUB-EAST,1.0,1.0,,2018-01-12
ORD01196,15710,Charlotte,HUB-EAST,1.0,1.0,,2018-01-12
ORD01198,15020,San Francisco,HUB-WEST,1.0,1.0,,2018-01-12
ORD01199,16424,Fort Worth,HUB-SOUTH,1.0,1.0,,2018-01-12
ORD01215,14057,Chicago,HUB-MID,1.0,1.0,,2018-01-12
ORD01216,35649,Austin,HUB-SOUTH,1.0,1.0,,2018-01-12
ORD01272,1152,Denver,HUB-WEST,1.0,1.0,,2018-01-15
ORD01273,3835,Columbus,HUB-MID,1.0,1.0,,2018-01-15
ORD01276,6449,Columbus,HUB-MID,1.0,1.0,,2018-01-15
ORD01287,16259,Phoenix,HUB-WEST,1.0,1.0,,2018-01-15
ORD01289,23534,Fort Worth,HUB-SOUTH,1.0,1.0,,2018-01-15
ORD01297,12834,Columbus,HUB-MID,486.0,486.0,,2018-01-15
ORD01300,10837,Indianapolis,HUB-MID,1.0,1.0,,2018-01-15
ORD01353,19999,Denver,HUB-WEST,1188.0,1686.0,,2018-01-16
ORD01377,32294,Indianapolis,HUB-MID,1.0,1.0,,2018-01-16
ORD01387,23121,San Antonio,HUB-SOUTH,109.0,109.0,,2018-01-16
ORD01393,14516,Charlotte,HUB-EAST,1.0,1.0,,2018-01-16
ORD01400,5089,Seattle,HUB-WEST,1.0,1.0,,2018-01-16
ORD01405,2975,Houston,HUB-SOUTH,1.0,1.0,,2018-01-16
ORD01408,472,New York,HUB-EAST,1.0,1.0,,2018-01-16
ORD01416,7420,Fort Worth,HUB-SOUTH,19.0,19.0,,2018-01-16
ORD01421,28288,Nashville,HUB-EAST,1.0,1.0,,2018-01-16
ORD01432,13701,Houston,HUB-SOUTH,1.0,1.0,,2018-01-16
ORD01433,33709,Jacksonville,HUB-EAST,1.0,1.0,,2018-01-16
ORD01441,23489,Austin,HUB-SOUTH,1.0,1.0,,2018-01-16
ORD01443,23975,Dallas,HUB-SOUTH,1.0,1.0,,2018-01-16
ORD01447,18821,Nashville,HUB-EAST,1.0,1.0,,2018-01-16
ORD01449,19957,Chicago,HUB-MID,1.0,1.0,,2018-01-16
ORD01454,32162,Jacksonville,HUB-EAST,1.0,1.0,,2018-01-16
ORD01463,21009,Los Angeles,HUB-WEST,1.0,1.0,,2018-01-16
ORD01496,22433,Jacksonville,HUB-EAST,1.0,1.0,,2018-01-16
ORD01518,38550,San Jose,HUB-WEST,12.0,12.0,,2018-01-17
ORD01559,23313,Seattle,HUB-WEST,1.0,1.0,,2018-01-17
ORD01575,10040,San Antonio,HUB-SOUTH,1.0,1.0,,2018-01-17
ORD01602,7476,San Francisco,HUB-WEST,1.0,1.0,,2018-01-17
ORD01605,16736,Seattle,HUB-WEST,1.0,1.0,,2018-01-17
ORD01606,11745,Chicago,HUB-MID,1.0,1.0,,2018-01-17
ORD01614,16037,Los Angeles,HUB-WEST,1.0,1.0,,2018-01-17
ORD01616,21953,Indianapolis,HUB-MID,1.0,1.0,,2018-01-17
ORD01619,21847,Nashville,HUB-EAST,1.0,1.0,,2018-01-17
ORD01621,6013,New York,HUB-EAST,1.0,1.0,,2018-01-17
ORD01622,22346,Denver,HUB-WEST,1.0,1.0,,2018-01-17
ORD01647,13516,Columbus,HUB-MID,2.0,2.0,,2018-01-17
ORD01648,6001,Nashville,HUB-EAST,1.0,1.0,,2018-01-17
ORD01649,40068,San Francisco,HUB-WEST,1.0,1.0,,2018-01-17
ORD01650,19336,Houston,HUB-SOUTH,1.0,1.0,,2018-01-17
ORD01703,32322,Houston,HUB-SOUTH,1.0,1.0,,2018-01-18
ORD01706,12232,Nashville,HUB-EAST,1.0,1.0,,2018-01-18
ORD01712,21315,Seattle,HUB-WEST,1.0,1.0,,2018-01-18
ORD01714,5791,Fort Worth,HUB-SOUTH,1.0,1.0,,2018-01-18
ORD01718,6633,Dallas,HUB-SOUTH,1.0,1.0,,2018-01-18
ORD01724,23881,Austin,HUB-SOUTH,2289.0,2289.0,,2018-01-18
ORD01739,39249,Phoenix,HUB-WEST,1.0,1.0,,2018-01-18
ORD01741,34581,Charlotte,HUB-EAST,1.0,1.0,,2018-01-18
ORD01757,19919,Fort Worth,HUB-SOUTH,1.0,1.0,,2018-01-18
ORD01758,9994,Jacksonville,HUB-EAST,80.0,336.0,,2018-01-18
ORD01764,2821,Jacksonville,HUB-EAST,1.0,1.0,,2018-01-18
ORD01769,36383,Houston,HUB-SOUTH,1.0,1.0,,2018-01-18
ORD01774,23034,Indianapolis,HUB-MID,1.0,1.0,,2018-01-18
ORD01782,19688,New York,HUB-EAST,1.0,1.0,,2018-01-18
ORD01795,10433,Phoenix,HUB-WEST,1.0,1.0,,2018-01-18
ORD01796,20666,Nashville,HUB-EAST,1.0,1.0,,2018-01-18
ORD01797,19880,Houston,HUB-SOUTH,1.0,1.0,,2018-01-18
ORD01798,11581,San Jose,HUB-WEST,1.0,1.0,,2018-01-18
ORD01802,23984,San Jose,HUB-WEST,196.0,196.0,,2018-01-18
ORD01830,23420,San Diego,HUB-WEST,5.0,6.0,,2018-01-19
ORD01873,36464,Denver,HUB-WEST,3.0,18.0,,2018-01-19
ORD01876,35865,Phoenix,HUB-WEST,3.0,18.0,,2018-01-19
ORD01928,21605,Houston,HUB-SOUTH,109.0,109.0,,2018-01-19
ORD01931,19328,San Jose,HUB-WEST,1635.0,1635.0,,2018-01-19
ORD01994,37111,Indianapolis,HUB-MID,109.0,109.0,,2018-01-19
ORD02002,36230,San Diego,HUB-WEST,2.0,2.0,,2018-01-19
ORD02012,24723,Houston,HUB-SOUTH,4.0,4.0,,2018-01-19
ORD02023,18084,Jacksonville,HUB-EAST,28.0,39.0,,2018-01-19
ORD02026,13290,Fort Worth,HUB-SOUTH,1.0,1.0,,2018-01-19
ORD02027,20894,Nashville,HUB-EAST,1.0,1.0,,2018-01-19
ORD02037,1927,New York,HUB-EAST,1.0,1.0,,2018-01-19
ORD02040,37907,Philadelphia,HUB-EAST,1.0,1.0,,2018-01-19
ORD02047,605,Austin,HUB-SOUTH,1.0,1.0,,2018-01-19
ORD02052,38380,San Diego,HUB-WEST,1.0,1.0,,2018-01-19
ORD02053,38668,Denver,HUB-WEST,1.0,1.0,,2018-01-19
ORD02059,23979,Dallas,HUB-SOUTH,28.0,36.0,,2018-01-19
ORD02135,21814,Columbus,HUB-MID,4.0,4.0,,2018-01-22
ORD02177,3279,San Jose,HUB-WEST,1.0,1.0,,2018-01-22
ORD02207,16389,San Francisco,HUB-WEST,1.0,1.0,,2018-01-22
ORD02217,6151,Nashville,HUB-EAST,4.0,4.0,,2018-01-22
ORD02283,19791,Indianapolis,HUB-MID,545.0,545.0,,2018-01-23
ORD02286,18677,Denver,HUB-WEST,545.0,545.0,,2018-01-23
ORD02290,24545,San Diego,HUB-WEST,25.0,25.0,,2018-01-23
ORD02306,21960,San Antonio,HUB-SOUTH,1.0,1.0,,2018-01-23
ORD02307,11126,Houston,HUB-SOUTH,1.0,1.0,,2018-01-23
ORD02327,18711,Houston,HUB-SOUTH,27.0,36.0,,2018-01-23
ORD02335,13922,Austin,HUB-SOUTH,44.0,44.0,,2018-01-23
ORD02340,7856,Dallas,HUB-SOUTH,11.0,57.0,,2018-01-23
ORD02366,23310,San Antonio,HUB-SOUTH,1.0,1.0,,2018-01-23
ORD02446,2274,Indianapolis,HUB-MID,10.0,10.0,,2018-01-24
ORD02485,6033,San Diego,HUB-WEST,1.0,1.0,,2018-01-24
ORD02507,12517,Fort Worth,HUB-SOUTH,1.0,1.0,,2018-01-24
ORD02510,12815,Houston,HUB-SOUTH,1.0,1.0,,2018-01-24
ORD02525,19811,San Antonio,HUB-SOUTH,1.0,1.0,,2018-01-24
ORD02534,13689,San Francisco,HUB-WEST,194.0,1362.0,,2018-01-24
ORD02544,38333,San Francisco,HUB-WEST,1.0,1.0,,2018-01-24
ORD02552,31772,Phoenix,HUB-WEST,1.0,1.0,,2018-01-24
ORD02558,5093,New York,HUB-EAST,1.0,1.0,,2018-01-24
ORD02559,3869,Jacksonville,HUB-EAST,1.0,1.0,,2018-01-24
ORD02563,6840,Dallas,HUB-SOUTH,1.0,1.0,,2018-01-24
ORD02596,3693,Austin,HUB-SOUTH,2.0,3.0,,2018-01-25
ORD02636,17789,San Antonio,HUB-SOUTH,1.0,1.0,,2018-01-25
ORD02644,19881,San Jose,HUB-WEST,1.0,1.0,,2018-01-25
ORD02647,6879,Indianapolis,HUB-MID,1.0,1.0,,2018-01-25
ORD02650,29451,Seattle,HUB-WEST,1.0,1.0,,2018-01-25
ORD02653,23246,San Diego,HUB-WEST,1.0,1.0,,2018-01-25
ORD02658,28385,Columbus,HUB-MID,1.0,1.0,,2018-01-25
ORD02664,17511,Phoenix,HUB-WEST,1.0,1.0,,2018-01-25
ORD02675,7935,Jacksonville,HUB-EAST,2.0,2.0,,2018-01-25
ORD02715,22351,San Jose,HUB-WEST,380.0,380.0,,2018-01-25
ORD02743,24110,Denver,HUB-WEST,1.0,1.0,,2018-01-25
ORD02764,976,Phoenix,HUB-WEST,14.0,14.0,,2018-01-25
ORD02829,2535,Chicago,HUB-MID,1.0,1.0,,2018-01-26
ORD02876,24290,Columbus,HUB-MID,286.0,286.0,,2018-01-26
ORD02882,2691,Jacksonville,HUB-EAST,1.0,1.0,,2018-01-26
ORD02901,35944,San Francisco,HUB-WEST,1.0,1.0,,2018-01-26
ORD02954,14075,Philadelphia,HUB-EAST,2.0,3.0,,2018-01-29
ORD02993,7173,Seattle,HUB-WEST,5.0,5.0,,2018-01-29
ORD03009,16124,San Francisco,HUB-WEST,1.0,1.0,,2018-01-29
ORD03010,3607,San Diego,HUB-WEST,1.0,1.0,,2018-01-29
ORD03022,18419,San Diego,HUB-WEST,109.0,109.0,,2018-01-29
ORD03028,22885,Phoenix,HUB-WEST,545.0,545.0,,2018-01-29
ORD03029,35231,Seattle,HUB-WEST,1043.0,1043.0,,2018-01-29
ORD03041,36381,Philadelphia,HUB-EAST,1.0,1.0,,2018-01-29
ORD03042,21017,San Antonio,HUB-SOUTH,1.0,1.0,,2018-01-29
ORD03052,22106,Indianapolis,HUB-MID,45.0,66.0,,2018-01-29
ORD03095,22433,Indianapolis,HUB-MID,1.0,3.0,,2018-01-30
ORD03112,24485,Los Angeles,HUB-WEST,9.0,9.0,,2018-01-30
ORD03133,5535,Los Angeles,HUB-WEST,5.0,12.0,,2018-01-30
ORD03160,31876,Chicago,HUB-MID,1.0,1.0,,2018-01-30
ORD03165,24342,Dallas,HUB-SOUTH,2112.0,2112.0,,2018-01-30
ORD03194,31331,Charlotte,HUB-EAST,20.0,84.0,,2018-01-30
ORD03195,27795,Houston,HUB-SOUTH,5.0,5.0,,2018-01-30
ORD03214,150,Jacksonville,HUB-EAST,1.0,1.0,,2018-01-30
ORD03217,31836,Dallas,HUB-SOUTH,1.0,1.0,,2018-01-30
ORD03234,20937,Jacksonville,HUB-EAST,109.0,109.0,,2018-01-30
ORD03251,671,Charlotte,HUB-EAST,8.0,8.0,,2018-01-30
ORD03276,1015,Los Angeles,HUB-WEST,1.0,1.0,,2018-01-30
ORD03280,22351,Los Angeles,HUB-WEST,970.0,6807.0,651.0,2018-01-30
ORD03290,22556,Dallas,HUB-SOUTH,1.0,1.0,,2018-01-30
ORD03299,30164,San Francisco,HUB-WEST,1.0,1.0,,2018-01-30
ORD03307,10045,Chicago,HUB-MID,1.0,1.0,,2018-01-30
ORD03310,18328,Austin,HUB-SOUTH,1.0,1.0,,2018-01-30
ORD03312,24448,Denver,HUB-WEST,1.0,1.0,,2018-01-30
ORD03332,33907,Phoenix,HUB-WEST,35.0,156.0,,2018-01-30
ORD03356,5197,Los Angeles,HUB-WEST,1.0,1.0,,2018-01-30
ORD03377,26793,Jacksonville,HUB-EAST,2.0,3.0,,2018-01-31
ORD03390,22011,Philadelphia,HUB-EAST,1.0,3.0,,2018-01-31
ORD03395,23563,Indianapolis,HUB-MID,6.0,6.0,,2018-01-31
ORD03396,33460,San Jose,HUB-WEST,6.0,6.0,,2018-01-31
ORD03404,3693,San Diego,HUB-WEST,6.0,6.0,,2018-01-31
ORD03447,18356,Jacksonville,HUB-EAST,6.0,18.0,,2018-01-31
ORD03487,19517,Nashville,HUB-EAST,24.0,66.0,,2018-01-31
ORD03521,23724,San Antonio,HUB-SOUTH,2.0,2.0,,2018-01-31
ORD03526,1450,Chicago,HUB-MID,121.0,189.0,,2018-01-31
ORD03541,22787,Jacksonville,HUB-EAST,110.0,186.0,,2018-01-31
ORD03554,33208,Dallas,HUB-SOUTH,1.0,1.0,,2018-01-31
ORD03605,24943,Chicago,HUB-MID,1.0,1.0,,2018-01-31
ORD03608,1625,Fort Worth,HUB-SOUTH,1.0,1.0,,2018-01-31
ORD03620,18952,Nashville,HUB-EAST,1.0,1.0,,2018-01-31
ORD03621,19957,Phoenix,HUB-WEST,1.0,1.0,,2018-01-31
ORD03623,24660,Dallas,HUB-SOUTH,1.0,1.0,,2018-01-31
ORD03631,32322,Austin,HUB-SOUTH,1.0,1.0,,2018-01-31
ORD03632,22131,New York,HUB-EAST,1.0,1.0,,2018-01-31
ORD03643,21803,San Jose,HUB-WEST,249.0,249.0,,2018-01-31
ORD03721,9797,Jacksonville,HUB-EAST,1.0,1.0,,2018-01-31
ORD03722,6026,Indianapolis,HUB-MID,1.0,1.0,,2018-01-31
ORD03727,12590,Austin,HUB-SOUTH,3.0,3.0,,2018-02-01
ORD03730,36800,Charlotte,HUB-EAST,2.0,9.0,,2018-02-01
ORD03738,39429,Columbus,HUB-MID,11.0,24.0,,2018-02-01
ORD03779,35754,Dallas,HUB-SOUTH,1.0,1.0,,2018-02-01
ORD03795,22353,Philadelphia,HUB-EAST,1.0,3.0,,2018-02-02
ORD03796,22347,Columbus,HUB-MID,1.0,3.0,,2018-02-02
ORD03797,22472,Los Angeles,HUB-WEST,1.0,3.0,,2018-02-02
ORD03803,22475,New York,HUB-EAST,1.0,3.0,,2018-02-02
ORD03804,22476,New York,HUB-EAST,1.0,3.0,,2018-02-02
ORD03805,22477,San Francisco,HUB-WEST,1.0,3.0,,2018-02-02
ORD03814,3449,San Diego,HUB-WEST,6.0,6.0,,2018-02-02
ORD03890,2537,Jacksonville,HUB-EAST,5.0,5.0,,2018-02-02
ORD03893,6114,Phoenix,HUB-WEST,545.0,545.0,,2018-02-02
ORD03907,13200,Nashville,HUB-EAST,4.0,4.0,,2018-02-02
ORD03915,2153,Los Angeles,HUB-WEST,1.0,1.0,,2018-02-02
ORD03944,23420,Chicago,HUB-MID,5.0,5.0,,2018-02-02
ORD03966,18711,Indianapolis,HUB-MID,262.0,262.0,,2018-02-02
ORD03986,1867,San Antonio,HUB-SOUTH,3.0,3.0,,2018-02-05
ORD04007,21110,Columbus,HUB-MID,500.0,500.0,,2018-02-05
ORD04028,14603,Columbus,HUB-MID,1.0,1.0,,2018-02-05
ORD04033,1083,Philadelphia,HUB-EAST,1.0,1.0,,2018-02-05
ORD04072,24120,San Francisco,HUB-WEST,6.0,6.0,,2018-02-06
ORD04075,24726,New York,HUB-EAST,6.0,6.0,,2018-02-06
ORD04087,24545,Denver,HUB-WEST,5.0,12.0,,2018-02-06
ORD04093,12560,Dallas,HUB-SOUTH,9.0,18.0,,2018-02-06
ORD04186,23984,Philadelphia,HUB-EAST,104.0,104.0,,2018-02-06
ORD04352,3102,Jacksonville,HUB-EAST,2.0,2.0,,2018-02-07
ORD04355,2318,San Francisco,HUB-WEST,1.0,1.0,,2018-02-07
ORD04357,1144,Philadelphia,HUB-EAST,1.0,1.0,,2018-02-07
ORD04363,28367,Nashville,HUB-EAST,1.0,1.0,,2018-02-07
ORD04401,29716,Chicago,HUB-MID,4.0,4.0,,2018-02-07
ORD04406,35607,Philadelphia,HUB-EAST,10.0,10.0,,2018-02-07
ORD04407,23536,Houston,HUB-SOUTH,22.0,45.0,,2018-02-07
ORD04409,8550,San Antonio,HUB-SOUTH,10.0,10.0,,2018-02-07
ORD04412,17573,San Antonio,HUB-SOUTH,1.0,1.0,,2018-02-07
ORD04447,8397,Houston,HUB-SOUTH,3.0,18.0,,2018-02-08
ORD04468,13939,Seattle,HUB-WEST,4.0,4.0,,2018-02-08
ORD04473,4279,Chicago,HUB-MID,8.0,8.0,,2018-02-08
ORD04488,18675,Columbus,HUB-MID,4.0,4.0,,2018-02-08
ORD04494,19384,San Antonio,HUB-SOUTH,4.0,4.0,,2018-02-08
ORD04495,27811,Fort Worth,HUB-SOUTH,768.0,1197.0,,2018-02-08
ORD04505,26793,San Diego,HUB-WEST,9.0,36.0,,2018-02-08
ORD04518,25670,Charlotte,HUB-EAST,1.0,1.0,,2018-02-08
ORD04522,6754,Austin,HUB-SOUTH,7.0,7.0,,2018-02-08
ORD04536,38436,Los Angeles,HUB-WEST,8.0,8.0,,2018-02-08
ORD04565,9014,San Antonio,HUB-SOUTH,10.0,10.0,,2018-02-08
ORD04570,9014,Columbus,HUB-MID,1.0,1.0,,2018-02-08
ORD04571,4553,Los Angeles,HUB-WEST,1.0,1.0,,2018-02-08
ORD04581,4503,Nashville,HUB-EAST,3.0,3.0,,2018-02-09
ORD04611,24485,San Antonio,HUB-SOUTH,8.0,9.0,,2018-02-09
ORD04646,12726,Charlotte,HUB-EAST,16.0,21.0,,2018-02-09
ORD04659,9602,San Jose,HUB-WEST,22.0,27.0,,2018-02-09
ORD04661,10037,Jacksonville,HUB-EAST,17.0,27.0,,2018-02-09
ORD04699,5321,New York,HUB-EAST,2.0,2.0,,2018-02-09
ORD04710,19328,Philadelphia,HUB-EAST,107.0,552.0,,2018-02-09
ORD04794,22351,San Diego,HUB-WEST,1147.0,4989.0,,2018-02-09
ORD04862,23880,Seattle,HUB-WEST,3.0,3.0,,2018-02-13
ORD04863,23877,Charlotte,HUB-EAST,3.0,3.0,,2018-02-13
ORD04873,18712,Jacksonville,HUB-EAST,6.0,6.0,,2018-02-13
ORD04875,23879,Columbus,HUB-MID,6.0,6.0,,2018-02-13
ORD04893,25493,New York,HUB-EAST,15.0,15.0,,2018-02-13
ORD04905,9499,Fort Worth,HUB-SOUTH,6.0,12.0,,2018-02-13
ORD04910,17191,Denver,HUB-WEST,21.0,21.0,,2018-02-13
ORD04911,17192,Austin,HUB-SOUTH,21.0,21.0,,2018-02-13
ORD04925,5112,Los Angeles,HUB-WEST,1.0,1.0,,2018-02-13
ORD04940,5261,Charlotte,HUB-EAST,1.0,1.0,,2018-02-13
ORD04941,15315,Dallas,HUB-SOUTH,1.0,1.0,,2018-02-13
ORD04961,23882,Austin,HUB-SOUTH,5.0,5.0,,2018-02-13
ORD04985,12964,Los Angeles,HUB-WEST,1.0,1.0,,2018-02-13
ORD04992,14250,Nashville,HUB-EAST,1.0,1.0,,2018-02-13
ORD04993,9480,Jacksonville,HUB-EAST,1.0,1.0,,2018-02-13
ORD04994,11423,Fort Worth,HUB-SOUTH,1.0,1.0,,2018-02-13
ORD04995,14516,Phoenix,HUB-WEST,1.0,1.0,,2018-02-13
ORD04997,5089,San Francisco,HUB-WEST,1.0,1.0,,2018-02-13
ORD04999,16469,San Jose,HUB-WEST,1.0,1.0,,2018-02-13
ORD05006,36858,San Jose,HUB-WEST,26.0,26.0,,2018-02-13
ORD05009,14135,Philadelphia,HUB-EAST,1.0,1.0,,2018-02-13
ORD05016,10816,Los Angeles,HUB-WEST,1.0,1.0,,2018-02-13
ORD05017,10416,Austin,HUB-SOUTH,1.0,1.0,,2018-02-13
ORD05020,6211,Seattle,HUB-WEST,1.0,1.0,,2018-02-13
ORD05028,24448,Charlotte,HUB-EAST,1.0,1.0,,2018-02-13
ORD05058,36443,Philadelphia,HUB-EAST,2.0,2.0,,2018-02-13
ORD05074,5535,Chicago,HUB-MID,1.0,1.0,,2018-02-13
ORD05075,22433,San Diego,HUB-WEST,1.0,1.0,,2018-02-13
ORD05076,17072,San Antonio,HUB-SOUTH,1.0,1.0,,2018-02-13
ORD05077,7941,New York,HUB-EAST,1.0,1.0,,2018-02-13
ORD05078,39675,San Francisco,HUB-WEST,1.0,1.0,,2018-02-13
ORD05079,6001,Austin,HUB-SOUTH,1.0,1.0,,2018-02-13
ORD05129,33759,Fort Worth,HUB-SOUTH,21.0,21.0,,2018-02-14
ORD05132,22106,San Jose,HUB-WEST,21.0,21.0,,2018-02-14
ORD05144,35476,Fort Worth,HUB-SOUTH,37.0,37.0,,2018-02-14
ORD05148,32551,San Diego,HUB-WEST,42.0,42.0,,2018-02-14
ORD05166,3531,Charlotte,HUB-EAST,13.0,13.0,,2018-02-14
ORD05174,1982,Phoenix,HUB-WEST,4.0,4.0,,2018-02-14
ORD05195,9670,Dallas,HUB-SOUTH,1.0,1.0,,2018-02-14
ORD05196,15409,Denver,HUB-WEST,1.0,1.0,,2018-02-14
ORD05201,27315,Dallas,HUB-SOUTH,1.0,1.0,,2018-02-14
ORD05203,23216,Columbus,HUB-MID,1.0,1.0,,2018-02-14
ORD05204,6286,Austin,HUB-SOUTH,1.0,1.0,,2018-02-14
ORD05210,36588,Chicago,HUB-MID,1.0,1.0,,2018-02-14
ORD05217,22696,Columbus,HUB-MID,4.0,4.0,,2018-02-14
ORD05220,13107,San Antonio,HUB-SOUTH,1.0,1.0,,2018-02-14
ORD05221,36587,Seattle,HUB-WEST,1.0,1.0,,2018-02-14
ORD05227,8546,Indianapolis,HUB-MID,1.0,1.0,,2018-02-14
ORD05230,23230,Chicago,HUB-MID,1.0,1.0,,2018-02-14
ORD05236,40329,Jacksonville,HUB-EAST,1.0,1.0,,2018-02-14
ORD05245,6405,Phoenix,HUB-WEST,7.0,7.0,,2018-02-14
ORD05266,33728,Austin,HUB-SOUTH,1.0,1.0,,2018-02-14
ORD05267,5255,Fort Worth,HUB-SOUTH,1.0,1.0,,2018-02-14
ORD05268,19336,Columbus,HUB-MID,1.0,1.0,,2018-02-14
ORD05269,30276,Austin,HUB-SOUTH,1.0,1.0,,2018-02-14
ORD05270,36167,Houston,HUB-SOUTH,1.0,1.0,,2018-02-14
ORD05290,22477,San Francisco,HUB-WEST,11.0,15.0,,2018-02-15
ORD05296,23579,New York,HUB-EAST,24.0,24.0,,2018-02-15
ORD05305,32434,San Francisco,HUB-WEST,1.0,1.0,,2018-02-15
ORD05310,10106,Denver,HUB-WEST,106.0,186.0,,2018-02-15
ORD05319,10100,Phoenix,HUB-WEST,34.0,34.0,,2018-02-15
ORD05322,10100,Columbus,HUB-MID,52.0,93.0,,2018-02-15
ORD05324,12146,Denver,HUB-WEST,1.0,1.0,,2018-02-15
ORD05325,13839,San Diego,HUB-WEST,1.0,1.0,,2018-02-15
ORD05328,6633,Houston,HUB-SOUTH,1.0,1.0,,2018-02-15
ORD05331,10201,San Francisco,HUB-WEST,1.0,1.0,,2018-02-15
ORD05335,23585,Los Angeles,HUB-WEST,1.0,1.0,,2018-02-15
ORD05338,21315,San Diego,HUB-WEST,1.0,1.0,,2018-02-15
ORD05339,25632,San Jose,HUB-WEST,1.0,1.0,,2018-02-15
ORD05344,33914,Philadelphia,HUB-EAST,32.0,32.0,,2018-02-15
ORD05345,24210,San Diego,HUB-WEST,1.0,1.0,,2018-02-15
ORD05351,1651,Austin,HUB-SOUTH,1.0,1.0,,2018-02-15
ORD05354,5428,Indianapolis,HUB-MID,1.0,1.0,,2018-02-15
ORD05356,6969,Columbus,HUB-MID,1.0,1.0,,2018-02-15
ORD05359,37378,San Antonio,HUB-SOUTH,1.0,1.0,,2018-02-15
ORD05360,36671,Columbus,HUB-MID,1.0,1.0,,2018-02-15
ORD05367,13840,Jacksonville,HUB-EAST,1.0,1.0,,2018-02-15
ORD05368,39961,Columbus,HUB-MID,1.0,1.0,,2018-02-15
ORD05374,30232,Charlotte,HUB-EAST,40.0,40.0,,2018-02-15
ORD05380,5119,Houston,HUB-SOUTH,3.0,3.0,,2018-02-16
ORD05387,20937,Nashville,HUB-EAST,3.0,3.0,,2018-02-16
ORD05403,40281,Austin,HUB-SOUTH,6.0,6.0,,2018-02-16
ORD05405,19817,San Diego,HUB-WEST,6.0,6.0,,2018-02-16
ORD05406,19816,Charlotte,HUB-EAST,6.0,6.0,,2018-02-16
ORD05407,24480,San Francisco,HUB-WEST,6.0,6.0,,2018-02-16
ORD05408,22885,Jacksonville,HUB-EAST,6.0,6.0,,2018-02-16
ORD05443,1093,San Francisco,HUB-WEST,12.0,12.0,,2018-02-16
ORD05490,1579,San Jose,HUB-WEST,1.0,1.0,,2018-02-16
ORD05496,33611,Indianapolis,HUB-MID,1.0,1.0,,2018-02-16
ORD05527,22401,San Antonio,HUB-SOUTH,25.0,25.0,,2018-02-16
ORD05530,11839,Jacksonville,HUB-EAST,1.0,1.0,,2018-02-16
ORD05531,6081,Denver,HUB-WEST,1.0,1.0,,2018-02-16
ORD05532,18550,Austin,HUB-SOUTH,1.0,1.0,,2018-02-16
ORD05537,3991,San Francisco,HUB-WEST,1.0,1.0,,2018-02-16
ORD05538,26067,San Francisco,HUB-WEST,1.0,1.0,,2018-02-16
ORD05542,24468,Philadelphia,HUB-EAST,34.0,34.0,,2018-02-16
ORD05544,10101,Phoenix,HUB-WEST,41.0,41.0,,2018-02-16
ORD05545,10108,Seattle,HUB-WEST,34.0,34.0,,2018-02-16
ORD05554,20712,Jacksonville,HUB-EAST,1.0,1.0,,2018-02-16
ORD05556,35191,Chicago,HUB-MID,1.0,1.0,,2018-02-16
ORD05561,35127,Chicago,HUB-MID,1.0,1.0,,2018-02-16
ORD05562,21323,Indianapolis,HUB-MID,1.0,1.0,,2018-02-16
ORD05564,23693,Los Angeles,HUB-WEST,1.0,1.0,,2018-02-16
ORD05566,22785,Phoenix,HUB-WEST,1.0,1.0,,2018-02-16
ORD05567,23461,San Diego,HUB-WEST,1.0,1.0,,2018-02-16
ORD05568,28230,San Antonio,HUB-SOUTH,1.0,1.0,,2018-02-16
ORD05569,39439,Phoenix,HUB-WEST,1.0,1.0,,2018-02-16
ORD05574,35401,Charlotte,HUB-EAST,1.0,1.0,,2018-02-16
ORD05579,9743,San Diego,HUB-WEST,1.0,1.0,,2018-02-16
ORD05580,38417,Austin,HUB-SOUTH,1.0,1.0,,2018-02-16
ORD05586,38248,Phoenix,HUB-WEST,1.0,1.0,,2018-02-16
ORD05587,14997,Nashville,HUB-EAST,1.0,1.0,,2018-02-16
ORD05595,25043,San Diego,HUB-WEST,2289.0,2289.0,,2018-02-16
ORD05599,12560,Indianapolis,HUB-MID,10.0,10.0,,2018-02-16
ORD05609,4307,Chicago,HUB-MID,1.0,1.0,,2018-02-16
ORD05610,3302,Philadelphia,HUB-EAST,1.0,1.0,,2018-02-16
ORD05612,3697,Fort Worth,HUB-SOUTH,1.0,1.0,,2018-02-16
ORD05620,34006,New York,HUB-EAST,1.0,1.0,,2018-02-16
ORD05625,31022,Columbus,HUB-MID,1.0,1.0,,2018-02-16
ORD05627,9586,New York,HUB-EAST,1.0,1.0,,2018-02-16
ORD05630,3180,San Jose,HUB-WEST,1.0,1.0,,2018-02-16
ORD05635,10105,Jacksonville,HUB-EAST,34.0,34.0,,2018-02-16
ORD05639,17690,Denver,HUB-WEST,1.0,1.0,,2018-02-16
ORD05640,35526,Indianapolis,HUB-MID,1.0,1.0,,2018-02-16
ORD05641,38459,Philadelphia,HUB-EAST,1.0,1.0,,2018-02-16
ORD05642,35521,Columbus,HUB-MID,1.0,1.0,,2018-02-16
ORD05646,13196,Seattle,HUB-WEST,1.0,1.0,,2018-02-16
ORD05647,4302,Nashville,HUB-EAST,1.0,1.0,,2018-02-16
ORD05659,8289,Charlotte,HUB-EAST,1.0,1.0,,2018-02-16
ORD05664,2591,Austin,HUB-SOUTH,7.0,7.0,,2018-02-16
ORD05667,22608,San Francisco,HUB-WEST,1.0,1.0,,2018-02-16
ORD05682,3366,San Diego,HUB-WEST,3.0,3.0,,2018-02-19
ORD05686,22555,Indianapolis,HUB-MID,3.0,3.0,,2018-02-19
ORD05691,32200,Jacksonville,HUB-EAST,6.0,6.0,,2018-02-19
ORD05692,32200,Seattle,HUB-WEST,3.0,9.0,,2018-02-19
ORD05702,22353,Philadelphia,HUB-EAST,7.0,24.0,,2018-02-19
ORD05709,22982,Indianapolis,HUB-MID,20.0,20.0,,2018-02-19
ORD05713,36926,Columbus,HUB-MID,1.0,1.0,,2018-02-19
ORD05722,22353,Columbus,HUB-MID,121.0,186.0,,2018-02-19
ORD05727,4440,Chicago,HUB-MID,1.0,1.0,,2018-02-19
ORD05728,5859,Dallas,HUB-SOUTH,1.0,1.0,,2018-02-19
ORD05735,22659,Jacksonville,HUB-EAST,1.0,1.0,,2018-02-19
ORD05738,32804,Phoenix,HUB-WEST,1.0,1.0,,2018-02-19
ORD05739,36435,New York,HUB-EAST,1.0,1.0,,2018-02-19
ORD05740,33350,Indianapolis,HUB-MID,1.0,1.0,,2018-02-19
ORD05748,36457,Denver,HUB-WEST,1.0,1.0,,2018-02-19
ORD05752,20829,Chicago,HUB-MID,1.0,1.0,,2018-02-19
ORD05754,24495,Chicago,HUB-MID,1.0,1.0,,2018-02-19
ORD05755,22555,Dallas,HUB-SOUTH,1.0,1.0,,2018-02-19
ORD05757,22474,Austin,HUB-SOUTH,111.0,186.0,,2018-02-19
ORD05758,22476,Austin,HUB-SOUTH,106.0,186.0,,2018-02-19
ORD05786,37111,Fort Worth,HUB-SOUTH,6.0,6.0,,2018-02-20
ORD05787,18677,Fort Worth,HUB-SOUTH,6.0,6.0,,2018-02-20
ORD05811,22348,Fort Worth,HUB-SOUTH,6.0,15.0,,2018-02-20
ORD05816,8335,Dallas,HUB-SOUTH,12.0,12.0,,2018-02-20
ORD05820,24485,Fort Worth,HUB-SOUTH,12.0,12.0,,2018-02-20
ORD05823,3693,Chicago,HUB-MID,12.0,12.0,,2018-02-20
ORD05833,22350,Phoenix,HUB-WEST,18.0,18.0,,2018-02-20
ORD05834,24481,Philadelphia,HUB-EAST,18.0,18.0,,2018-02-20
ORD05844,22472,Seattle,HUB-WEST,7.0,24.0,,2018-02-20
ORD05846,22347,Chicago,HUB-MID,7.0,24.0,,2018-02-20
ORD05847,24481,Columbus,HUB-MID,9.0,24.0,,2018-02-20
ORD05848,22348,Fort Worth,HUB-SOUTH,7.0,24.0,,2018-02-20
ORD05850,18711,Houston,HUB-SOUTH,19.0,24.0,,2018-02-20
ORD05870,21110,Indianapolis,HUB-MID,310.0,310.0,,2018-02-20
ORD05876,24357,Denver,HUB-WEST,7.0,7.0,,2018-02-20
ORD05882,1890,San Francisco,HUB-WEST,12.0,51.0,,2018-02-20
ORD05900,17522,Denver,HUB-WEST,1.0,1.0,,2018-02-20
ORD05901,18673,Houston,HUB-SOUTH,1.0,1.0,,2018-02-20
ORD05906,39460,San Jose,HUB-WEST,1.0,1.0,,2018-02-20
ORD05908,38567,Indianapolis,HUB-MID,1.0,1.0,,2018-02-20
ORD05909,24042,Austin,HUB-SOUTH,1.0,1.0,,2018-02-20
ORD05912,39556,Columbus,HUB-MID,1.0,1.0,,2018-02-20
ORD05945,10102,Chicago,HUB-MID,106.0,186.0,,2018-02-20
ORD05951,10103,San Francisco,HUB-WEST,38.0,38.0,,2018-02-20
ORD05959,1002,Seattle,HUB-WEST,1.0,1.0,,2018-02-20
ORD05960,11081,Houston,HUB-SOUTH,1.0,1.0,,2018-02-20
ORD05962,29880,San Francisco,HUB-WEST,1.0,1.0,,2018-02-20
ORD05964,7956,Charlotte,HUB-EAST,1.0,1.0,,2018-02-20
ORD05969,20108,Los Angeles,HUB-WEST,1.0,1.0,,2018-02-20
ORD05970,18419,Charlotte,HUB-EAST,1.0,1.0,,2018-02-20
ORD05975,21480,Austin,HUB-SOUTH,1.0,1.0,,2018-02-20
ORD05982,19328,Denver,HUB-WEST,1090.0,1090.0,,2018-02-20
ORD05998,619,Indianapolis,HUB-MID,1.0,1.0,,2018-02-20
ORD06001,21658,San Francisco,HUB-WEST,1.0,1.0,,2018-02-20
ORD06005,21658,Phoenix,HUB-WEST,22.0,22.0,,2018-02-20
ORD06006,4329,Philadelphia,HUB-EAST,1.0,1.0,,2018-02-20
ORD06007,20772,Charlotte,HUB-EAST,1.0,1.0,,2018-02-20
ORD06010,23574,San Diego,HUB-WEST,1.0,1.0,,2018-02-20
ORD06018,22347,Indianapolis,HUB-MID,121.0,186.0,,2018-02-20
ORD06019,22348,Indianapolis,HUB-MID,117.0,186.0,,2018-02-20
ORD06023,1238,Seattle,HUB-WEST,1.0,1.0,,2018-02-20
ORD06024,30481,San Jose,HUB-WEST,4.0,4.0,,2018-02-20
ORD06030,22349,Seattle,HUB-WEST,127.0,186.0,,2018-02-20
ORD06034,12734,Phoenix,HUB-WEST,2.0,2.0,,2018-02-20
ORD06040,24096,San Diego,HUB-WEST,1.0,1.0,,2018-02-20
ORD06041,20897,San Diego,HUB-WEST,1.0,1.0,,2018-02-20
ORD06043,38332,Charlotte,HUB-EAST,1.0,1.0,,2018-02-20
ORD06044,5011,Jacksonville,HUB-EAST,1.0,1.0,,2018-02-20
ORD06047,5012,Jacksonville,HUB-EAST,1.0,1.0,,2018-02-20
ORD06048,11126,Houston,HUB-SOUTH,1.0,1.0,,2018-02-20
ORD06051,26586,Chicago,HUB-MID,1.0,1.0,,2018-02-20
ORD06063,22477,Los Angeles,HUB-WEST,119.0,186.0,,2018-02-20
ORD06066,22475,San Diego,HUB-WEST,111.0,186.0,,2018-02-20
ORD06080,5883,Seattle,HUB-WEST,1.0,1.0,,2018-02-20
ORD06081,17434,San Diego,HUB-WEST,1.0,1.0,,2018-02-20
ORD06082,14219,Phoenix,HUB-WEST,1.0,1.0,,2018-02-20
ORD06117,32209,Phoenix,HUB-WEST,6.0,6.0,,2018-02-21
ORD06124,24483,Chicago,HUB-MID,6.0,6.0,,2018-02-21
ORD06130,33024,Los Angeles,HUB-WEST,9.0,9.0,,2018-02-21
ORD06133,18074,Dallas,HUB-SOUTH,3.0,9.0,,2018-02-21
ORD06149,34452,Seattle,HUB-WEST,7.0,15.0,,2018-02-21
ORD06156,20939,Los Angeles,HUB-WEST,12.0,12.0,,2018-02-21
ORD06178,13767,Indianapolis,HUB-MID,10.0,18.0,,2018-02-21
ORD06203,20571,Houston,HUB-SOUTH,1.0,1.0,,2018-02-21
ORD06211,22277,Columbus,HUB-MID,2.0,2.0,,2018-02-21
ORD06214,22352,Charlotte,HUB-EAST,111.0,186.0,,2018-02-21
ORD06225,33024,Charlotte,HUB-EAST,15.0,42.0,,2018-02-21
ORD06227,20939,Columbus,HUB-MID,15.0,42.0,,2018-02-21
ORD06240,33032,Columbus,HUB-MID,5.0,5.0,,2018-02-21
ORD06248,23998,Los Angeles,HUB-WEST,1.0,1.0,,2018-02-21
ORD06256,30544,Fort Worth,HUB-SOUTH,1.0,1.0,,2018-02-21
ORD06262,28269,Phoenix,HUB-WEST,1.0,1.0,,2018-02-21
ORD06269,40088,Charlotte,HUB-EAST,1.0,1.0,,2018-02-21
ORD06283,6464,Houston,HUB-SOUTH,1.0,1.0,,2018-02-21
ORD06284,22472,San Jose,HUB-WEST,119.0,186.0,,2018-02-21
ORD06286,21272,Los Angeles,HUB-WEST,1.0,1.0,,2018-02-21
ORD06288,3581,Philadelphia,HUB-EAST,1.0,1.0,,2018-02-21
ORD06294,18327,Los Angeles,HUB-WEST,1.0,1.0,,2018-02-21
ORD06299,27273,Houston,HUB-SOUTH,1.0,1.0,,2018-02-21
ORD06301,1152,New York,HUB-EAST,1.0,1.0,,2018-02-21
ORD06304,20496,San Antonio,HUB-SOUTH,14.0,33.0,,2018-02-21
ORD06306,5084,San Francisco,HUB-WEST,1.0,1.0,,2018-02-21
ORD06307,8322,Chicago,HUB-MID,1.0,1.0,,2018-02-21
ORD06309,25677,Houston,HUB-SOUTH,1.0,1.0,,2018-02-21
ORD06315,13467,Los Angeles,HUB-WEST,1.0,1.0,,2018-02-21
ORD06318,14897,San Jose,HUB-WEST,1.0,1.0,,2018-02-21
ORD06320,15964,Indianapolis,HUB-MID,1.0,1.0,,2018-02-21
ORD06330,10596,Los Angeles,HUB-WEST,1.0,1.0,,2018-02-21
ORD06332,39907,Phoenix,HUB-WEST,5.0,5.0,,2018-02-21
ORD06352,6007,Chicago,HUB-MID,1.0,1.0,,2018-02-21
ORD06353,6084,Seattle,HUB-WEST,1.0,1.0,,2018-02-21
ORD06361,19440,Denver,HUB-WEST,1.0,1.0,,2018-02-21
ORD06364,35272,San Francisco,HUB-WEST,1.0,1.0,,2018-02-21
ORD06366,14709,San Francisco,HUB-WEST,1.0,1.0,,2018-02-21
ORD06375,29281,Seattle,HUB-WEST,1.0,1.0,,2018-02-21
ORD06377,3861,Chicago,HUB-MID,1.0,1.0,,2018-02-21
ORD06393,17573,Jacksonville,HUB-EAST,1.0,1.0,,2018-02-21
ORD06416,13939,Phoenix,HUB-WEST,6.0,6.0,,2018-02-22
ORD06422,24346,Houston,HUB-SOUTH,9.0,9.0,,2018-02-22
ORD06459,3157,San Jose,HUB-WEST,13.0,30.0,,2018-02-22
ORD06460,5514,Houston,HUB-SOUTH,1.0,1.0,,2018-02-22
ORD06465,16015,Austin,HUB-SOUTH,1.0,1.0,,2018-02-22
ORD06485,3240,Denver,HUB-WEST,4.0,4.0,,2018-02-22
ORD06489,16615,Chicago,HUB-MID,1.0,1.0,,2018-02-22
ORD06490,19881,Seattle,HUB-WEST,1.0,1.0,,2018-02-22
ORD06499,29451,San Jose,HUB-WEST,1.0,1.0,,2018-02-22
ORD06504,3286,Dallas,HUB-SOUTH,5.0,5.0,,2018-02-22
ORD06513,38893,Chicago,HUB-MID,10.0,10.0,,2018-02-22
ORD06514,13966,San Francisco,HUB-WEST,10.0,10.0,,2018-02-22
ORD06518,14731,Houston,HUB-SOUTH,1.0,1.0,,2018-02-22
ORD06520,25670,New York,HUB-EAST,1.0,1.0,,2018-02-22
ORD06523,22354,Columbus,HUB-MID,111.0,186.0,,2018-02-22
ORD06534,28614,Nashville,HUB-EAST,1.0,1.0,,2018-02-22
ORD06536,21359,San Antonio,HUB-SOUTH,1.0,1.0,,2018-02-22
ORD06538,15675,San Antonio,HUB-SOUTH,1.0,1.0,,2018-02-22
ORD06539,34264,Chicago,HUB-MID,1.0,1.0,,2018-02-22
ORD06541,24582,Nashville,HUB-EAST,1.0,1.0,,2018-02-22
ORD06542,13097,San Antonio,HUB-SOUTH,1.0,1.0,,2018-02-22
ORD06547,10872,Charlotte,HUB-EAST,1.0,1.0,,2018-02-22
ORD06556,13307,Chicago,HUB-MID,1.0,1.0,,2018-02-22
ORD06558,12508,Nashville,HUB-EAST,1.0,1.0,,2018-02-22
ORD06565,22279,Philadelphia,HUB-EAST,2.0,2.0,,2018-02-22
ORD06574,32998,Chicago,HUB-MID,2.0,2.0,,2018-02-22
ORD06582,10625,Fort Worth,HUB-SOUTH,1.0,1.0,,2018-02-22
ORD06583,10965,Charlotte,HUB-EAST,1.0,1.0,,2018-02-22
ORD06584,30276,Charlotte,HUB-EAST,1.0,1.0,,2018-02-22
ORD06585,976,Jacksonville,HUB-EAST,1.0,1.0,,2018-02-22
ORD06601,22231,Denver,HUB-WEST,3.0,3.0,,2018-02-23
ORD06640,5730,San Antonio,HUB-SOUTH,6.0,6.0,,2018-02-23
ORD06691,19131,Columbus,HUB-MID,18.0,18.0,,2018-02-23
ORD06705,1795,New York,HUB-EAST,18.0,18.0,,2018-02-23
ORD06706,25588,New York,HUB-EAST,18.0,18.0,,2018-02-23
ORD06711,39509,San Diego,HUB-WEST,9.0,18.0,,2018-02-23
ORD06763,20637,Seattle,HUB-WEST,545.0,545.0,,2018-02-23
ORD06770,17918,Jacksonville,HUB-EAST,109.0,109.0,,2018-02-23
ORD06815,8922,Philadelphia,HUB-EAST,1.0,1.0,,2018-02-23
ORD06816,33278,Seattle,HUB-WEST,1.0,1.0,,2018-02-23
ORD06819,8922,Chicago,HUB-MID,1.0,1.0,,2018-02-23
ORD06820,12798,Indianapolis,HUB-MID,1.0,1.0,,2018-02-23
ORD06822,26329,Nashville,HUB-EAST,1.0,1.0,,2018-02-23
ORD06825,24716,Austin,HUB-SOUTH,1.0,1.0,,2018-02-23
ORD06828,3449,San Jose,HUB-WEST,1.0,1.0,,2018-02-23
ORD06829,4503,Philadelphia,HUB-EAST,1.0,1.0,,2018-02-23
ORD06835,21803,Indianapolis,HUB-MID,168.0,168.0,,2018-02-23
ORD06842,9033,San Jose,HUB-WEST,1.0,1.0,,2018-02-23
ORD06853,5730,Los Angeles,HUB-WEST,7.0,7.0,,2018-02-23
ORD06854,4279,Seattle,HUB-WEST,7.0,7.0,,2018-02-23
ORD06860,22318,Charlotte,HUB-EAST,1.0,1.0,,2018-02-23
ORD06861,16705,Jacksonville,HUB-EAST,22.0,22.0,,2018-02-23
ORD06863,30455,Jacksonville,HUB-EAST,2.0,2.0,,2018-02-23
ORD06865,20564,Nashville,HUB-EAST,1.0,1.0,,2018-02-23
ORD06867,23834,Phoenix,HUB-WEST,1.0,1.0,,2018-02-23
ORD06870,13362,Houston,HUB-SOUTH,1.0,1.0,,2018-02-23
ORD06873,22435,San Antonio,HUB-SOUTH,1.0,1.0,,2018-02-23
ORD06876,5337,Dallas,HUB-SOUTH,1.0,1.0,,2018-02-23
ORD06879,16803,Jacksonville,HUB-EAST,1.0,1.0,,2018-02-23
ORD06880,16219,San Antonio,HUB-SOUTH,1.0,1.0,,2018-02-23
ORD06882,24386,Indianapolis,HUB-MID,1.0,1.0,,2018-02-23
ORD06884,22714,New York,HUB-EAST,1.0,1.0,,2018-02-23
ORD06890,35429,Chicago,HUB-MID,1.0,1.0,,2018-02-23
ORD06893,38113,Columbus,HUB-MID,1.0,1.0,,2018-02-23
ORD06897,17120,San Antonio,HUB-SOUTH,1.0,1.0,,2018-02-23
ORD06912,287,Philadelphia,HUB-EAST,39.0,42.0,,2018-02-23
ORD06914,39920,Houston,HUB-SOUTH,10.0,10.0,,2018-02-23
ORD06947,15710,Dallas,HUB-SOUTH,1.0,1.0,,2018-02-23
ORD06950,22326,Columbus,HUB-MID,1.0,1.0,,2018-02-23
ORD06952,34689,San Francisco,HUB-WEST,1.0,1.0,,2018-02-23
ORD06954,13119,Dallas,HUB-SOUTH,1.0,1.0,,2018-02-23
ORD06955,35944,Denver,HUB-WEST,1.0,1.0,,2018-02-23
ORD06962,22249,San Antonio,HUB-SOUTH,1.0,1.0,,2018-02-23
ORD06963,3327,Charlotte,HUB-EAST,1.0,1.0,,2018-02-23
ORD06966,1801,Denver,HUB-WEST,1.0,1.0,,2018-02-23
ORD06968,10176,Austin,HUB-SOUTH,1.0,1.0,,2018-02-23
ORD06972,3105,Phoenix,HUB-WEST,1.0,1.0,,2018-02-23
ORD06975,20885,Charlotte,HUB-EAST,1.0,1.0,,2018-02-23
ORD06978,5975,Fort Worth,HUB-SOUTH,10.0,39.0,,2018-02-23
ORD06980,487,Philadelphia,HUB-EAST,1.0,1.0,,2018-02-23
ORD06985,35641,Seattle,HUB-WEST,1.0,1.0,,2018-02-23
ORD06986,19514,Austin,HUB-SOUTH,1.0,1.0,,2018-02-23
ORD07008,92,Nashville,HUB-EAST,1.0,1.0,,2018-02-23
ORD07010,16607,New York,HUB-EAST,1.0,1.0,,2018-02-23
ORD07011,5508,Jacksonville,HUB-EAST,1.0,1.0,,2018-02-23
ORD07015,28333,San Francisco,HUB-WEST,1.0,1.0,,2018-02-23
ORD07020,35830,Austin,HUB-SOUTH,1.0,1.0,,2018-02-23
ORD07022,22934,Fort Worth,HUB-SOUTH,1.0,1.0,,2018-02-23
ORD07024,28791,Chicago,HUB-MID,1.0,1.0,,2018-02-23
ORD07031,24657,Indianapolis,HUB-MID,1.0,1.0,,2018-02-23
ORD07032,7954,Denver,HUB-WEST,1.0,1.0,,2018-02-23
ORD07037,24657,Austin,HUB-SOUTH,1.0,1.0,,2018-02-23
ORD07040,1556,Austin,HUB-SOUTH,1.0,1.0,,2018-02-23
ORD07042,1556,Fort Worth,HUB-SOUTH,1.0,1.0,,2018-02-23
ORD07046,24657,Jacksonville,HUB-EAST,14.0,14.0,,2018-02-23
ORD07058,4121,Nashville,HUB-EAST,1.0,1.0,,2018-02-23
ORD07068,28293,Fort Worth,HUB-SOUTH,2.0,2.0,,2018-02-23
ORD07104,9821,Philadelphia,HUB-EAST,9.0,9.0,,2018-02-26
ORD07106,13195,Chicago,HUB-MID,9.0,9.0,,2018-02-26
ORD07115,22474,Denver,HUB-WEST,15.0,15.0,,2018-02-26
ORD07116,66,Austin,HUB-SOUTH,12.0,12.0,,2018-02-26
ORD07121,22433,Charlotte,HUB-EAST,3.0,18.0,,2018-02-26
ORD07128,35550,Philadelphia,HUB-EAST,1.0,1.0,,2018-02-26
ORD07138,10650,Phoenix,HUB-WEST,1.0,1.0,,2018-02-26
ORD07139,17905,San Antonio,HUB-SOUTH,1.0,1.0,,2018-02-26
ORD07143,40213,Chicago,HUB-MID,1.0,1.0,,2018-02-26
ORD07149,35733,San Antonio,HUB-SOUTH,1.0,1.0,,2018-02-26
ORD07150,34246,Jacksonville,HUB-EAST,1.0,1.0,,2018-02-26
ORD07152,2691,Chicago,HUB-MID,1.0,1.0,,2018-02-26
ORD07155,22012,Philadelphia,HUB-EAST,4.0,4.0,,2018-02-26
ORD07157,34570,Charlotte,HUB-EAST,1.0,1.0,,2018-02-26
ORD07165,3835,Dallas,HUB-SOUTH,1.0,1.0,,2018-02-26
ORD07166,137,Jacksonville,HUB-EAST,1.0,1.0,,2018-02-26
ORD07175,5746,San Jose,HUB-WEST,1.0,1.0,,2018-02-26
ORD07177,1020,Indianapolis,HUB-MID,1.0,1.0,,2018-02-26
ORD07187,21017,Los Angeles,HUB-WEST,1.0,1.0,,2018-02-26
ORD07188,29172,Philadelphia,HUB-EAST,1.0,1.0,,2018-02-26
ORD07193,10416,Seattle,HUB-WEST,1.0,1.0,,2018-02-26
ORD07194,10816,Charlotte,HUB-EAST,6.0,42.0,,2018-02-26
ORD07195,10816,Seattle,HUB-WEST,120.0,849.0,,2018-02-26
ORD07205,39930,Austin,HUB-SOUTH,1.0,1.0,,2018-02-26
ORD07207,39679,Phoenix,HUB-WEST,1.0,1.0,,2018-02-26
ORD07208,35294,Dallas,HUB-SOUTH,1.0,1.0,,2018-02-26
ORD07210,2591,Indianapolis,HUB-MID,73.0,73.0,,2018-02-26
ORD07224,22433,Austin,HUB-SOUTH,2.0,2.0,,2018-02-26
ORD07231,34870,Columbus,HUB-MID,1.0,1.0,,2018-02-26
ORD07253,22100,Seattle,HUB-WEST,3.0,3.0,,2018-02-27
ORD07267,9620,Dallas,HUB-SOUTH,6.0,6.0,,2018-02-27
ORD07286,6648,Columbus,HUB-MID,9.0,9.0,,2018-02-27
ORD07290,1192,Columbus,HUB-MID,9.0,9.0,,2018-02-27
ORD07308,9050,Indianapolis,HUB-MID,12.0,12.0,,2018-02-27
ORD07311,23121,Los Angeles,HUB-WEST,12.0,12.0,,2018-02-27
ORD07316,20382,Columbus,HUB-MID,12.0,12.0,,2018-02-27
ORD07322,21962,Denver,HUB-WEST,12.0,12.0,,2018-02-27
ORD07355,18793,Jacksonville,HUB-EAST,2.0,2.0,,2018-02-27
ORD07357,18755,Philadelphia,HUB-EAST,133.0,207.0,,2018-02-27
ORD07358,4423,Seattle,HUB-WEST,1.0,1.0,,2018-02-27
ORD07361,14913,Charlotte,HUB-EAST,1.0,1.0,,2018-02-27
ORD07363,150,Houston,HUB-SOUTH,1.0,1.0,,2018-02-27
ORD07364,21493,Nashville,HUB-EAST,1.0,1.0,,2018-02-27
ORD07371,13199,Los Angeles,HUB-WEST,10.0,10.0,,2018-02-27
ORD07374,23434,San Diego,HUB-WEST,4.0,4.0,,2018-02-27
ORD07376,9670,Fort Worth,HUB-SOUTH,1.0,1.0,,2018-02-27
ORD07380,34905,Columbus,HUB-MID,1.0,1.0,,2018-02-27
ORD07382,19707,Phoenix,HUB-WEST,1.0,1.0,,2018-02-27
ORD07386,38175,Indianapolis,HUB-MID,1.0,1.0,,2018-02-27
ORD07387,22797,Austin,HUB-SOUTH,1.0,1.0,,2018-02-27
ORD07388,9050,Phoenix,HUB-WEST,1.0,1.0,,2018-02-27
ORD07396,34313,San Jose,HUB-WEST,1.0,1.0,,2018-02-27
ORD07398,6001,New York,HUB-EAST,1.0,1.0,,2018-02-27
ORD07404,8549,Dallas,HUB-SOUTH,13.0,13.0,,2018-02-27
ORD07406,13516,Nashville,HUB-EAST,1.0,1.0,,2018-02-27
ORD07412,8551,Columbus,HUB-MID,13.0,13.0,,2018-02-27
ORD07423,1796,Indianapolis,HUB-MID,1.0,1.0,,2018-02-27
ORD07426,11254,Jacksonville,HUB-EAST,1.0,1.0,,2018-02-27
ORD07429,29059,Seattle,HUB-WEST,1.0,1.0,,2018-02-27
ORD07430,39670,Seattle,HUB-WEST,1.0,1.0,,2018-02-27
ORD07438,8485,Jacksonville,HUB-EAST,1.0,1.0,,2018-02-27
ORD07440,2513,Houston,HUB-SOUTH,1.0,1.0,,2018-02-27
ORD07441,10707,Fort Worth,HUB-SOUTH,1.0,1.0,,2018-02-27
ORD07444,10707,Columbus,HUB-MID,1.0,1.0,,2018-02-27
ORD07448,32294,Charlotte,HUB-EAST,1.0,1.0,,2018-02-27
ORD07449,23838,San Francisco,HUB-WEST,4.0,4.0,,2018-02-27
ORD07452,15159,Seattle,HUB-WEST,1.0,1.0,,2018-02-27
ORD07455,9362,Phoenix,HUB-WEST,1.0,1.0,,2018-02-27
ORD07457,23834,Charlotte,HUB-EAST,5.0,5.0,,2018-02-27
ORD07458,22010,Chicago,HUB-MID,4.0,4.0,,2018-02-27
ORD07472,2281,Phoenix,HUB-WEST,1.0,1.0,,2018-02-27
ORD07474,23121,San Jose,HUB-WEST,1.0,1.0,,2018-02-27
ORD07475,30702,Charlotte,HUB-EAST,1.0,1.0,,2018-02-27
ORD07484,38404,New York,HUB-EAST,1.0,1.0,,2018-02-27
ORD07491,23461,Charlotte,HUB-EAST,8.0,8.0,,2018-02-27
ORD07492,30921,Phoenix,HUB-WEST,1.0,1.0,,2018-02-27
ORD07493,9802,Philadelphia,HUB-EAST,1.0,1.0,,2018-02-27
ORD07498,23121,Jacksonville,HUB-EAST,109.0,109.0,,2018-02-27
ORD07499,22787,Phoenix,HUB-WEST,42.0,72.0,,2018-02-27
ORD07504,18419,Indianapolis,HUB-MID,1.0,1.0,,2018-02-27
ORD07505,34098,San Jose,HUB-WEST,4.0,4.0,,2018-02-27
ORD07510,13910,San Diego,HUB-WEST,1.0,1.0,,2018-02-27
ORD07515,24214,Philadelphia,HUB-EAST,1.0,1.0,,2018-02-27
ORD07517,36096,Denver,HUB-WEST,1.0,1.0,,2018-02-27
ORD07518,20937,Phoenix,HUB-WEST,109.0,109.0,,2018-02-27
ORD07522,7295,San Jose,HUB-WEST,436.0,436.0,,2018-02-27
ORD07530,6797,Dallas,HUB-SOUTH,5.0,5.0,,2018-02-27
ORD07531,472,Indianapolis,HUB-MID,5.0,5.0,,2018-02-27
ORD07537,12379,Columbus,HUB-MID,1.0,1.0,,2018-02-27
ORD07539,14330,Fort Worth,HUB-SOUTH,2.0,2.0,,2018-02-27
ORD07543,6131,Nashville,HUB-EAST,1.0,1.0,,2018-02-27
ORD07545,14516,Columbus,HUB-MID,1.0,1.0,,2018-02-27
ORD07554,1015,Fort Worth,HUB-SOUTH,1.0,1.0,,2018-02-27
ORD07567,22556,Phoenix,HUB-WEST,1.0,1.0,,2018-02-27
ORD07574,8262,Austin,HUB-SOUTH,1.0,1.0,,2018-02-27
ORD07577,30164,San Antonio,HUB-SOUTH,1.0,1.0,,2018-02-27
ORD07579,10045,Columbus,HUB-MID,1.0,1.0,,2018-02-27
ORD07580,18328,New York,HUB-EAST,5.0,5.0,,2018-02-27
ORD07585,24448,New York,HUB-EAST,1.0,1.0,,2018-02-27
ORD07586,24448,San Francisco,HUB-WEST,1.0,1.0,,2018-02-27
ORD07588,10415,Chicago,HUB-MID,1.0,1.0,,2018-02-27
ORD07590,10781,Chicago,HUB-MID,5.0,5.0,,2018-02-27
ORD07591,24727,Columbus,HUB-MID,1.0,1.0,,2018-02-27
ORD07594,9169,San Jose,HUB-WEST,1.0,1.0,,2018-02-27
ORD07595,10763,Indianapolis,HUB-MID,1.0,1.0,,2018-02-27
ORD07598,28713,New York,HUB-EAST,1.0,1.0,,2018-02-27
ORD07599,22934,Philadelphia,HUB-EAST,8.0,8.0,,2018-02-27
ORD07610,12511,Los Angeles,HUB-WEST,1.0,1.0,,2018-02-27
ORD07611,35373,Houston,HUB-SOUTH,1.0,1.0,,2018-02-27
ORD07612,33907,San Jose,HUB-WEST,5.0,5.0,,2018-02-27
ORD07613,36430,Columbus,HUB-MID,1.0,1.0,,2018-02-27
ORD07614,3669,Indianapolis,HUB-MID,5.0,5.0,,2018-02-27
ORD07616,1592,Fort Worth,HUB-SOUTH,1.0,1.0,,2018-02-27
ORD07621,24911,Jacksonville,HUB-EAST,13.0,13.0,,2018-02-27
ORD07625,3589,Jacksonville,HUB-EAST,14.0,14.0,,2018-02-27
ORD07634,8550,Los Angeles,HUB-WEST,13.0,13.0,,2018-02-27
ORD07635,39062,Philadelphia,HUB-EAST,4.0,4.0,,2018-02-27
ORD07636,2043,Chicago,HUB-MID,1.0,1.0,,2018-02-27
ORD07637,5197,Columbus,HUB-MID,1.0,1.0,,2018-02-27
ORD07675,18756,New York,HUB-EAST,6.0,6.0,,2018-02-28
ORD07687,5519,Fort Worth,HUB-SOUTH,9.0,9.0,,2018-02-28
ORD07693,37111,Charlotte,HUB-EAST,4.0,9.0,,2018-02-28
ORD07694,18677,Fort Worth,HUB-SOUTH,4.0,9.0,,2018-02-28
ORD07695,22885,Charlotte,HUB-EAST,4.0,9.0,,2018-02-28
ORD07696,3693,Austin,HUB-SOUTH,3.0,9.0,,2018-02-28
ORD07715,22674,Dallas,HUB-SOUTH,12.0,12.0,,2018-02-28
ORD07725,16883,Columbus,HUB-MID,4.0,12.0,,2018-02-28
ORD07727,15380,San Antonio,HUB-SOUTH,11.0,12.0,,2018-02-28
ORD07764,13133,San Jose,HUB-WEST,1.0,1.0,,2018-02-28
ORD07768,23846,Philadelphia,HUB-EAST,218.0,218.0,,2018-02-28
ORD07775,31876,San Francisco,HUB-WEST,1.0,1.0,,2018-02-28
ORD07780,19999,Austin,HUB-SOUTH,630.0,2592.0,,2018-02-28
ORD07801,2156,Chicago,HUB-MID,1.0,1.0,,2018-02-28
ORD07808,24656,Chicago,HUB-MID,2.0,2.0,,2018-02-28
ORD07816,21589,Austin,HUB-SOUTH,5.0,5.0,,2018-02-28
ORD07818,3752,Columbus,HUB-MID,2.0,2.0,,2018-02-28
ORD07843,18595,Seattle,HUB-WEST,1.0,1.0,,2018-02-28
ORD07844,17662,Houston,HUB-SOUTH,1.0,1.0,,2018-02-28
ORD07870,32108,Los Angeles,HUB-WEST,1.0,1.0,,2018-02-28
ORD07890,13832,Phoenix,HUB-WEST,4.0,4.0,,2018-02-28
ORD07892,24724,San Antonio,HUB-SOUTH,5.0,5.0,,2018-02-28
ORD07897,36937,Seattle,HUB-WEST,1.0,1.0,,2018-02-28
ORD07905,24734,Denver,HUB-WEST,4.0,4.0,,2018-02-28
ORD07934,22806,Columbus,HUB-MID,545.0,545.0,,2018-02-28
ORD07948,22351,Jacksonville,HUB-EAST,1775.0,7521.0,,2018-02-28
ORD07949,22351,Los Angeles,HUB-WEST,2000.0,2000.0,,2018-02-28
ORD07959,5093,Columbus,HUB-MID,4.0,4.0,,2018-02-28
ORD07974,3816,Chicago,HUB-MID,4.0,4.0,,2018-02-28
ORD07988,38332,New York,HUB-EAST,1.0,1.0,,2018-02-28
ORD07990,6211,Phoenix,HUB-WEST,1.0,1.0,,2018-02-28
ORD07994,34706,San Francisco,HUB-WEST,1.0,1.0,,2018-02-28
ORD08045,11524,San Antonio,HUB-SOUTH,4.0,9.0,,2018-03-01
ORD08082,1634,Austin,HUB-SOUTH,3.0,3.0,,2018-03-02
ORD08132,9522,Columbus,HUB-MID,1.0,1.0,,2018-03-02
ORD08138,2834,Seattle,HUB-WEST,1.0,1.0,,2018-03-02
ORD08142,1362,Dallas,HUB-SOUTH,1.0,1.0,,2018-03-02
ORD08147,14379,Houston,HUB-SOUTH,1.0,1.0,,2018-03-02
ORD08154,8334,Dallas,HUB-SOUTH,5.0,5.0,,2018-03-02
ORD08156,18074,Los Angeles,HUB-WEST,10.0,10.0,,2018-03-02
ORD08161,18712,San Diego,HUB-WEST,90.0,369.0,,2018-03-02
ORD08207,3693,San Antonio,HUB-SOUTH,18.0,75.0,,2018-03-02
ORD08215,29457,Charlotte,HUB-EAST,1.0,1.0,,2018-03-02
ORD08278,23881,Houston,HUB-SOUTH,2725.0,2725.0,,2018-03-05
ORD08300,12560,Nashville,HUB-EAST,31.0,36.0,,2018-03-05
ORD08316,18634,Columbus,HUB-MID,262.0,262.0,,2018-03-05
ORD08341,4141,Nashville,HUB-EAST,4.0,9.0,,2018-03-06
ORD08342,8063,Phoenix,HUB-WEST,9.0,9.0,,2018-03-06
ORD08347,8063,Philadelphia,HUB-EAST,15.0,15.0,,2018-03-06
ORD08360,1738,Houston,HUB-SOUTH,24.0,24.0,,2018-03-06
ORD08394,40038,Los Angeles,HUB-WEST,1.0,1.0,,2018-03-06
ORD08408,34098,New York,HUB-EAST,141.0,363.0,,2018-03-06
ORD08415,19008,Los Angeles,HUB-WEST,109.0,109.0,,2018-03-06
ORD08432,3693,Los Angeles,HUB-WEST,143.0,143.0,,2018-03-06
ORD08446,33350,San Jose,HUB-WEST,1.0,1.0,,2018-03-06
ORD08457,18634,Jacksonville,HUB-EAST,19.0,19.0,,2018-03-06
ORD08463,1738,New York,HUB-EAST,36.0,147.0,,2018-03-06
ORD08488,3704,Austin,HUB-SOUTH,2.0,2.0,,2018-03-06
ORD08493,23984,Seattle,HUB-WEST,122.0,122.0,,2018-03-06
ORD08558,22347,Jacksonville,HUB-EAST,19.0,24.0,,2018-03-07
ORD08585,38532,Los Angeles,HUB-WEST,109.0,109.0,,2018-03-07
ORD08603,10263,Charlotte,HUB-EAST,69.0,69.0,,2018-03-07
ORD08711,2019,Columbus,HUB-MID,9.0,36.0,,2018-03-07
ORD08836,19956,Philadelphia,HUB-EAST,1.0,1.0,,2018-03-08
ORD08845,14342,Fort Worth,HUB-SOUTH,10.0,10.0,,2018-03-08
ORD08925,5508,San Antonio,HUB-SOUTH,9.0,9.0,,2018-03-09
ORD08976,34996,Indianapolis,HUB-MID,7.0,24.0,,2018-03-09
ORD08984,18712,Phoenix,HUB-WEST,7.0,24.0,,2018-03-09
ORD09026,10570,Nashville,HUB-EAST,1.0,1.0,,2018-03-09
ORD09035,2958,Philadelphia,HUB-EAST,1.0,1.0,,2018-03-09
ORD09050,6649,New York,HUB-EAST,2.0,2.0,,2018-03-09
ORD09057,34651,Phoenix,HUB-WEST,8.0,8.0,,2018-03-09
ORD09059,36555,Jacksonville,HUB-EAST,1.0,1.0,,2018-03-09
ORD09078,22789,Chicago,HUB-MID,18.0,75.0,,2018-03-09
ORD09082,22787,Houston,HUB-SOUTH,90.0,369.0,,2018-03-09
ORD09111,22351,Charlotte,HUB-EAST,194.0,1362.0,,2018-03-09
ORD09112,22351,Seattle,HUB-WEST,194.0,1362.0,,2018-03-09
ORD09114,22351,Austin,HUB-SOUTH,434.0,1170.0,,2018-03-09
ORD09118,31326,San Diego,HUB-WEST,5.0,5.0,,2018-03-09
ORD09159,19906,Los Angeles,HUB-WEST,5.0,5.0,,2018-03-09
ORD09165,17856,San Francisco,HUB-WEST,1.0,1.0,,2018-03-09
ORD09172,18711,Los Angeles,HUB-WEST,21.0,75.0,,2018-03-09
ORD09226,7329,Charlotte,HUB-EAST,3.0,18.0,,2018-03-12
ORD09302,18648,Jacksonville,HUB-EAST,209.0,209.0,,2018-03-12
ORD09365,19899,Indianapolis,HUB-MID,14.0,14.0,,2018-03-12
ORD09369,15228,Nashville,HUB-EAST,14.0,14.0,,2018-03-12
ORD09425,36643,Fort Worth,HUB-SOUTH,8.0,15.0,,2018-03-13
ORD09429,40211,Jacksonville,HUB-EAST,3.0,18.0,,2018-03-13
ORD09501,4369,Houston,HUB-SOUTH,10.0,10.0,,2018-03-13
ORD09558,23984,Indianapolis,HUB-MID,129.0,129.0,,2018-03-13
ORD09642,21110,Dallas,HUB-SOUTH,350.0,350.0,,2018-03-14
ORD09660,35266,Houston,HUB-SOUTH,6.0,36.0,,2018-03-14
ORD09715,29480,Fort Worth,HUB-SOUTH,10.0,10.0,,2018-03-14
ORD09717,25588,New York,HUB-EAST,50.0,50.0,,2018-03-14
ORD09719,20005,Philadelphia,HUB-EAST,21.0,126.0,,2018-03-14
ORD09790,19879,Phoenix,HUB-WEST,18.0,111.0,,2018-03-14
ORD09834,28081,Chicago,HUB-MID,3.0,9.0,,2018-03-15
ORD09878,19999,Austin,HUB-SOUTH,360.0,2310.0,,2018-03-15
ORD09879,19999,Houston,HUB-SOUTH,243.0,999.0,184.0,2018-03-15
ORD09880,19999,San Diego,HUB-WEST,108.0,693.0,,2018-03-15
ORD09890,34463,Jacksonville,HUB-EAST,4.0,4.0,,2018-03-15
ORD09917,21855,San Diego,HUB-WEST,38.0,38.0,,2018-03-15
ORD09929,24481,Phoenix,HUB-WEST,10.0,10.0,,2018-03-15
ORD09936,23666,Jacksonville,HUB-EAST,5.0,5.0,,2018-03-15
ORD09958,11548,San Antonio,HUB-SOUTH,4.0,4.0,,2018-03-15
ORD09998,13290,Jacksonville,HUB-EAST,2.0,3.0,,2018-03-16
ORD09999,36618,Fort Worth,HUB-SOUTH,1.0,3.0,,2018-03-16
ORD10000,22608,San Antonio,HUB-SOUTH,3.0,3.0,,2018-03-16
ORD10019,18756,Dallas,HUB-SOUTH,4.0,9.0,,2018-03-16
ORD10049,40178,Fort Worth,HUB-SOUTH,3.0,18.0,,2018-03-16
ORD10064,7637,Los Angeles,HUB-WEST,24.0,24.0,,2018-03-16
ORD10115,19994,Austin,HUB-SOUTH,9.0,48.0,,2018-03-16
ORD10187,4370,San Diego,HUB-WEST,5.0,138.0,,2018-03-16
ORD10188,29457,Chicago,HUB-MID,4.0,4.0,,2018-03-16
ORD10215,18712,Philadelphia,HUB-EAST,100.0,100.0,,2018-03-16
ORD10219,18711,San Francisco,HUB-WEST,300.0,300.0,,2018-03-16
ORD10237,20945,Los Angeles,HUB-WEST,1.0,1.0,,2018-03-16
ORD10338,22350,Seattle,HUB-WEST,15.0,42.0,,2018-03-19
ORD10339,22347,San Antonio,HUB-SOUTH,30.0,81.0,,2018-03-19
ORD10351,3594,New York,HUB-EAST,5.0,30.0,,2018-03-19
ORD10391,18711,Nashville,HUB-EAST,3.0,3.0,,2018-03-20
ORD10399,3738,Austin,HUB-SOUTH,6.0,6.0,,2018-03-20
ORD10400,7196,Nashville,HUB-EAST,1.0,6.0,,2018-03-20
ORD10441,40211,Chicago,HUB-MID,3.0,21.0,,2018-03-20
ORD10467,22068,Dallas,HUB-SOUTH,15.0,42.0,,2018-03-20
ORD10472,22067,Charlotte,HUB-EAST,15.0,42.0,,2018-03-20
ORD10488,22352,Nashville,HUB-EAST,15.0,42.0,,2018-03-20
ORD10492,22066,New York,HUB-EAST,15.0,42.0,,2018-03-20
ORD10524,19590,Dallas,HUB-SOUTH,21.0,147.0,,2018-03-20
ORD10532,25720,Charlotte,HUB-EAST,5.0,138.0,,2018-03-20
ORD10534,17244,Seattle,HUB-WEST,5.0,5.0,,2018-03-20
ORD10560,1738,Indianapolis,HUB-MID,27.0,111.0,,2018-03-20
ORD10565,18711,Nashville,HUB-EAST,2.0,2.0,,2018-03-20
ORD10585,22476,Seattle,HUB-WEST,15.0,42.0,,2018-03-20
ORD10605,22475,Charlotte,HUB-EAST,15.0,42.0,,2018-03-20
ORD10608,22474,Houston,HUB-SOUTH,15.0,42.0,,2018-03-20
ORD10611,6505,Fort Worth,HUB-SOUTH,1.0,1.0,,2018-03-20
ORD10626,38471,Philadelphia,HUB-EAST,3.0,3.0,,2018-03-21
ORD10630,26212,Chicago,HUB-MID,3.0,3.0,,2018-03-21
ORD10702,10571,Dallas,HUB-SOUTH,11.0,11.0,,2018-03-21
ORD10720,26806,Dallas,HUB-SOUTH,1.0,1.0,,2018-03-21
ORD10775,40088,Houston,HUB-SOUTH,1.0,1.0,,2018-03-21
ORD10778,1791,Philadelphia,HUB-EAST,1.0,1.0,,2018-03-21
ORD10826,18634,Jacksonville,HUB-EAST,8.0,207.0,,2018-03-21
ORD10833,14550,New York,HUB-EAST,1.0,1.0,,2018-03-21
ORD10834,22875,Chicago,HUB-MID,1.0,1.0,,2018-03-21
ORD10838,22277,New York,HUB-EAST,1.0,1.0,,2018-03-21
ORD10845,120,Indianapolis,HUB-MID,1.0,1.0,,2018-03-21
ORD10847,11196,New York,HUB-EAST,1.0,1.0,,2018-03-21
ORD10849,8335,Denver,HUB-WEST,2.0,2.0,,2018-03-21
ORD10886,976,New York,HUB-EAST,1.0,1.0,,2018-03-21
ORD10887,23634,Charlotte,HUB-EAST,1.0,1.0,,2018-03-21
ORD10888,20668,Philadelphia,HUB-EAST,1.0,1.0,,2018-03-21
ORD10889,38173,Nashville,HUB-EAST,1.0,1.0,,2018-03-21
ORD10890,22216,San Jose,HUB-WEST,1.0,1.0,,2018-03-21
ORD10959,32551,Nashville,HUB-EAST,7225.0,7225.0,,2018-03-22
ORD11010,4585,Austin,HUB-SOUTH,1.0,1.0,,2018-03-22
ORD11017,35181,Indianapolis,HUB-MID,51.0,186.0,,2018-03-22
ORD11021,24481,Chicago,HUB-MID,87.0,144.0,,2018-03-22
ORD11024,137,Los Angeles,HUB-WEST,1.0,1.0,,2018-03-22
ORD11040,38436,Fort Worth,HUB-SOUTH,8.0,207.0,,2018-03-22
ORD11049,12508,Philadelphia,HUB-EAST,1.0,1.0,,2018-03-22
ORD11051,13307,Denver,HUB-WEST,1.0,1.0,,2018-03-22
ORD11089,10965,Jacksonville,HUB-EAST,1.0,1.0,,2018-03-22
ORD11116,36694,San Antonio,HUB-SOUTH,3.0,3.0,,2018-03-23
ORD11122,37659,Philadelphia,HUB-EAST,6.0,6.0,,2018-03-23
ORD11140,22124,Los Angeles,HUB-WEST,6.0,6.0,,2018-03-23
ORD11144,15216,Columbus,HUB-MID,7.0,9.0,,2018-03-23
ORD11186,6742,Jacksonville,HUB-EAST,6.0,12.0,,2018-03-23
ORD11245,39973,Fort Worth,HUB-SOUTH,1.0,1.0,,2018-03-23
ORD11246,13078,Houston,HUB-SOUTH,4.0,4.0,,2018-03-23
ORD11255,4111,Indianapolis,HUB-MID,5.0,5.0,,2018-03-23
ORD11267,19878,Los Angeles,HUB-WEST,49.0,288.0,,2018-03-23
ORD11337,34619,Columbus,HUB-MID,1.0,1.0,,2018-03-23
ORD11352,22326,Jacksonville,HUB-EAST,1.0,1.0,,2018-03-23
ORD11353,39310,Houston,HUB-SOUTH,1.0,1.0,,2018-03-23
ORD11383,18074,Chicago,HUB-MID,9.0,36.0,,2018-03-23
ORD11388,19468,Houston,HUB-SOUTH,1.0,1.0,,2018-03-23
ORD11394,28297,Jacksonville,HUB-EAST,1.0,1.0,,2018-03-23
ORD11405,37479,Los Angeles,HUB-WEST,14.0,14.0,,2018-03-23
ORD11413,22364,Denver,HUB-WEST,1.0,1.0,,2018-03-23
ORD11418,21962,Fort Worth,HUB-SOUTH,45.0,123.0,,2018-03-23
ORD11429,34466,Chicago,HUB-MID,1.0,1.0,,2018-03-23
ORD11457,39800,Denver,HUB-WEST,6.0,9.0,,2018-03-26
ORD11498,6261,New York,HUB-EAST,1.0,1.0,,2018-03-26
ORD11517,23911,Phoenix,HUB-WEST,524.0,524.0,,2018-03-26
ORD11519,31572,Los Angeles,HUB-WEST,543.0,873.0,,2018-03-26
ORD11526,27250,San Antonio,HUB-SOUTH,1.0,1.0,,2018-03-26
ORD11530,40213,Columbus,HUB-MID,11.0,11.0,,2018-03-26
ORD11544,32468,San Francisco,HUB-WEST,1090.0,1090.0,,2018-03-26
ORD11551,12553,New York,HUB-EAST,109.0,109.0,,2018-03-26
ORD11574,40187,Nashville,HUB-EAST,1.0,1.0,,2018-03-26
ORD11578,20109,Nashville,HUB-EAST,33.0,48.0,,2018-03-26
ORD11587,1020,Chicago,HUB-MID,1.0,1.0,,2018-03-26
ORD11592,14480,Columbus,HUB-MID,1.0,1.0,,2018-03-26
ORD11594,5279,Fort Worth,HUB-SOUTH,13.0,13.0,,2018-03-26
ORD11596,37933,Austin,HUB-SOUTH,1.0,1.0,,2018-03-26
ORD11618,38836,San Antonio,HUB-SOUTH,1.0,1.0,,2018-03-26
ORD11694,10103,Seattle,HUB-WEST,1.0,1.0,,2018-03-27
ORD11697,10102,Chicago,HUB-MID,1.0,1.0,,2018-03-27
ORD11705,38511,New York,HUB-EAST,1.0,1.0,,2018-03-27
ORD11724,3449,Philadelphia,HUB-EAST,11.0,11.0,,2018-03-27
ORD11743,1425,Philadelphia,HUB-EAST,60.0,60.0,,2018-03-27
ORD11759,20637,Philadelphia,HUB-EAST,143.0,143.0,,2018-03-27
ORD11762,28969,Phoenix,HUB-WEST,1.0,1.0,,2018-03-27
ORD11765,10100,Indianapolis,HUB-MID,1.0,1.0,,2018-03-27
ORD11798,31022,Nashville,HUB-EAST,1.0,1.0,,2018-03-27
ORD11830,3704,Jacksonville,HUB-EAST,1.0,1.0,,2018-03-27
ORD11838,7609,Phoenix,HUB-WEST,1.0,1.0,,2018-03-27
ORD11844,12834,Chicago,HUB-MID,1.0,1.0,,2018-03-27
ORD11858,30232,Phoenix,HUB-WEST,1.0,1.0,,2018-03-27
ORD11931,36708,Phoenix,HUB-WEST,1.0,1.0,,2018-03-28
ORD11936,10810,San Antonio,HUB-SOUTH,1.0,1.0,,2018-03-28
ORD11947,36645,Nashville,HUB-EAST,1.0,1.0,,2018-03-28
ORD11953,35476,Indianapolis,HUB-MID,1.0,1.0,,2018-03-28
ORD11970,33329,Columbus,HUB-MID,18.0,108.0,,2018-03-28
ORD12008,24468,Austin,HUB-SOUTH,1.0,1.0,,2018-03-28
ORD12060,21009,Dallas,HUB-SOUTH,1.0,1.0,,2018-03-28
ORD12082,33116,Indianapolis,HUB-MID,1.0,1.0,,2018-03-28
ORD12107,24734,Phoenix,HUB-WEST,3.0,3.0,,2018-03-29
ORD12184,4432,Los Angeles,HUB-WEST,7.0,27.0,,2018-03-29
ORD12201,8063,Jacksonville,HUB-EAST,20.0,20.0,,2018-03-29
ORD12221,19328,Los Angeles,HUB-WEST,1090.0,1090.0,,2018-03-29
ORD12223,38532,San Diego,HUB-WEST,545.0,545.0,,2018-03-29
ORD12225,19009,Philadelphia,HUB-EAST,545.0,545.0,,2018-03-29
ORD12235,20918,Chicago,HUB-MID,1.0,1.0,,2018-03-29
ORD12290,9349,Columbus,HUB-MID,1.0,1.0,,2018-03-29
ORD12294,2714,Charlotte,HUB-EAST,21.0,33.0,,2018-03-29
ORD12295,8583,San Antonio,HUB-SOUTH,1.0,1.0,,2018-03-29
ORD12314,39567,Austin,HUB-SOUTH,1.0,1.0,,2018-03-29
ORD12322,31129,New York,HUB-EAST,1.0,1.0,,2018-03-29
ORD12342,10837,San Diego,HUB-WEST,1.0,1.0,,2018-03-29
ORD12352,8692,Austin,HUB-SOUTH,3.0,3.0,,2018-04-02
ORD12358,16412,Nashville,HUB-EAST,5.0,9.0,,2018-04-02
ORD12430,38512,Philadelphia,HUB-EAST,19.0,24.0,,2018-04-03
ORD12431,35340,Houston,HUB-SOUTH,25.0,27.0,,2018-04-03
ORD12446,37014,New York,HUB-EAST,32.0,138.0,,2018-04-03
ORD12449,22401,Austin,HUB-SOUTH,2.0,2.0,,2018-04-03
ORD12470,18857,Los Angeles,HUB-WEST,2.0,2.0,,2018-04-03
ORD12478,7219,San Jose,HUB-WEST,21.0,42.0,,2018-04-03
ORD12493,18712,Denver,HUB-WEST,128.0,174.0,,2018-04-03
ORD12510,25217,Jacksonville,HUB-EAST,1.0,1.0,,2018-04-03
ORD12521,20956,Seattle,HUB-WEST,1.0,1.0,,2018-04-03
ORD12619,18308,Charlotte,HUB-EAST,113.0,113.0,,2018-04-04
ORD12620,8468,Seattle,HUB-WEST,545.0,545.0,,2018-04-04
ORD12658,2318,Los Angeles,HUB-WEST,23.0,23.0,,2018-04-04
ORD12683,32995,Denver,HUB-WEST,4.0,4.0,,2018-04-04
ORD12689,13723,Philadelphia,HUB-EAST,13.0,13.0,,2018-04-04
ORD12721,2652,San Antonio,HUB-SOUTH,30.0,42.0,,2018-04-04
ORD12780,21110,Dallas,HUB-SOUTH,468.0,468.0,,2018-04-05
ORD12781,21110,Chicago,HUB-MID,1062.0,1062.0,,2018-04-05
ORD12809,10100,Houston,HUB-SOUTH,8.0,207.0,,2018-04-05
ORD13113,4281,Seattle,HUB-WEST,10.0,10.0,,2018-04-09
ORD13114,21538,Columbus,HUB-MID,2457.0,2457.0,2600.0,2018-04-09
ORD13117,14865,Seattle,HUB-WEST,1.0,1.0,,2018-04-09
ORD13141,6001,Columbus,HUB-MID,6.0,6.0,,2018-04-10
ORD13182,10103,Charlotte,HUB-EAST,102.0,138.0,,2018-04-10
ORD13225,10106,Austin,HUB-SOUTH,61.0,72.0,,2018-04-10
ORD13305,36618,Columbus,HUB-MID,9.0,9.0,,2018-04-11
ORD13426,18625,Los Angeles,HUB-WEST,3.0,3.0,,2018-04-12
ORD13434,22010,Dallas,HUB-SOUTH,15.0,15.0,,2018-04-12
ORD13514,2642,Philadelphia,HUB-EAST,6.0,6.0,,2018-04-13
ORD13519,24045,Phoenix,HUB-WEST,3.0,9.0,,2018-04-13
ORD13558,36404,Austin,HUB-SOUTH,2.0,18.0,,2018-04-13
ORD13591,1738,Jacksonville,HUB-EAST,13.0,72.0,,2018-04-13
ORD13595,2788,Houston,HUB-SOUTH,34.0,34.0,,2018-04-13
ORD13610,17563,Philadelphia,HUB-EAST,59.0,228.0,,2018-04-13
ORD13632,4170,Indianapolis,HUB-MID,1.0,1.0,,2018-04-13
ORD13696,18712,Jacksonville,HUB-EAST,24.0,153.0,,2018-04-13
ORD13697,18711,Phoenix,HUB-WEST,10.0,10.0,,2018-04-13
ORD13703,18711,San Diego,HUB-WEST,24.0,153.0,,2018-04-13
ORD13725,33728,Los Angeles,HUB-WEST,1.0,1.0,,2018-04-13
ORD13742,5859,San Diego,HUB-WEST,1.0,6.0,,2018-04-16
ORD13783,10263,San Antonio,HUB-SOUTH,35.0,35.0,,2018-04-16
ORD13786,16219,Indianapolis,HUB-MID,90.0,90.0,,2018-04-16
ORD13867,20897,Columbus,HUB-MID,8.0,9.0,,2018-04-17
ORD13883,4141,San Jose,HUB-WEST,3.0,18.0,,2018-04-17
ORD13884,4142,Austin,HUB-SOUTH,3.0,18.0,,2018-04-17
ORD13904,10263,San Diego,HUB-WEST,25.0,25.0,,2018-04-17
ORD13913,23984,Philadelphia,HUB-EAST,96.0,96.0,,2018-04-17
ORD13917,11126,San Diego,HUB-WEST,1.0,1.0,,2018-04-17
ORD13943,39812,San Diego,HUB-WEST,28.0,36.0,,2018-04-17
ORD13953,9602,San Francisco,HUB-WEST,140.0,140.0,25.0,2018-04-17
ORD13989,28367,Indianapolis,HUB-MID,3.0,3.0,,2018-04-18
ORD14024,23846,Jacksonville,HUB-EAST,14.0,18.0,,2018-04-18
ORD14052,4139,Philadelphia,HUB-EAST,1.0,1.0,,2018-04-18
ORD14053,22277,Jacksonville,HUB-EAST,2.0,2.0,,2018-04-18
ORD14093,35231,San Diego,HUB-WEST,30.0,162.0,,2018-04-18
ORD14094,35231,San Antonio,HUB-SOUTH,388.0,2724.0,252.0,2018-04-18
ORD14095,35231,San Antonio,HUB-SOUTH,97.0,681.0,63.0,2018-04-18
ORD14130,24110,Chicago,HUB-MID,6.0,6.0,,2018-04-19
ORD14154,12508,San Jose,HUB-WEST,16.0,27.0,,2018-04-19
ORD14173,32226,Charlotte,HUB-EAST,1.0,1.0,,2018-04-19
ORD14182,22561,Charlotte,HUB-EAST,1.0,1.0,,2018-04-19
ORD14191,15228,Philadelphia,HUB-EAST,2.0,2.0,,2018-04-19
ORD14205,21109,Jacksonville,HUB-EAST,23.0,45.0,,2018-04-19
ORD14231,2700,Seattle,HUB-WEST,6.0,6.0,,2018-04-20
ORD14260,39590,Nashville,HUB-EAST,15.0,15.0,,2018-04-20
ORD14304,7954,New York,HUB-EAST,9.0,27.0,,2018-04-20
ORD14413,22110,Austin,HUB-SOUTH,1.0,1.0,,2018-04-20
ORD14421,36353,Austin,HUB-SOUTH,1.0,1.0,,2018-04-20
ORD14422,36784,Nashville,HUB-EAST,1.0,1.0,,2018-04-20
ORD14440,3365,Philadelphia,HUB-EAST,1.0,1.0,,2018-04-20
ORD14445,38341,Austin,HUB-SOUTH,7.0,7.0,,2018-04-20
ORD14503,19999,Austin,HUB-SOUTH,720.0,4620.0,,2018-04-23
ORD14685,8005,Seattle,HUB-WEST,1.0,1.0,,2018-04-24
ORD14703,21576,Houston,HUB-SOUTH,1.0,1.0,,2018-04-24
ORD14750,33907,Columbus,HUB-MID,36.0,54.0,,2018-04-24
ORD14820,21009,San Francisco,HUB-WEST,9.0,18.0,,2018-04-25
ORD14855,22787,Houston,HUB-SOUTH,127.0,127.0,,2018-04-25
ORD14914,12531,Fort Worth,HUB-SOUTH,2.0,2.0,,2018-04-25
ORD14927,9586,Denver,HUB-WEST,1.0,1.0,,2018-04-25
ORD14932,24398,Columbus,HUB-MID,143.0,143.0,,2018-04-25
ORD14949,17181,San Diego,HUB-WEST,1.0,1.0,,2018-04-25
ORD14956,39567,San Diego,HUB-WEST,1.0,1.0,,2018-04-25
ORD15014,7247,Columbus,HUB-MID,3.0,18.0,,2018-04-26
ORD15036,7247,Denver,HUB-WEST,6.0,33.0,,2018-04-26
ORD15066,11745,Columbus,HUB-MID,2.0,2.0,,2018-04-26
ORD15067,26773,New York,HUB-EAST,1.0,1.0,,2018-04-26
ORD15121,23984,Denver,HUB-WEST,196.0,196.0,,2018-04-26
ORD15145,29457,Los Angeles,HUB-WEST,5.0,6.0,,2018-04-27
ORD15157,28095,New York,HUB-EAST,4.0,9.0,,2018-04-27
ORD15245,22712,Chicago,HUB-MID,1323.0,1323.0,,2018-04-27
ORD15255,1400,Denver,HUB-WEST,1.0,1.0,,2018-04-27
ORD15284,671,Los Angeles,HUB-WEST,1.0,1.0,,2018-04-27
ORD15306,18851,Nashville,HUB-EAST,1.0,1.0,,2018-04-27
ORD15317,21213,Chicago,HUB-MID,1.0,1.0,,2018-04-27
ORD15320,37016,Indianapolis,HUB-MID,1.0,1.0,,2018-04-27
ORD15324,23805,Denver,HUB-WEST,1.0,1.0,,2018-04-27
ORD15329,34368,Chicago,HUB-MID,1.0,1.0,,2018-04-27
ORD15339,12528,Austin,HUB-SOUTH,1.0,1.0,,2018-04-27
ORD15342,734,Philadelphia,HUB-EAST,1.0,1.0,,2018-04-27
ORD15374,6443,San Antonio,HUB-SOUTH,201.0,201.0,,2018-04-27
ORD15440,22477,Dallas,HUB-SOUTH,6.0,6.0,,2018-04-30
ORD15449,22474,Seattle,HUB-WEST,9.0,9.0,,2018-04-30
ORD15451,22347,San Diego,HUB-WEST,15.0,15.0,,2018-04-30
ORD15458,22476,San Diego,HUB-WEST,12.0,12.0,,2018-04-30
ORD15532,7519,San Francisco,HUB-WEST,1.0,1.0,,2018-04-30
ORD15545,24483,Los Angeles,HUB-WEST,10.0,10.0,,2018-04-30
ORD15546,24480,Columbus,HUB-MID,5.0,5.0,,2018-04-30
ORD15550,22472,Seattle,HUB-WEST,13.0,13.0,,2018-04-30
ORD15564,4036,Dallas,HUB-SOUTH,1.0,1.0,,2018-04-30
ORD15597,22066,San Diego,HUB-WEST,51.0,51.0,,2018-04-30
ORD15639,17192,San Jose,HUB-WEST,6.0,6.0,,2018-05-02
ORD15640,13832,Charlotte,HUB-EAST,6.0,6.0,,2018-05-02
ORD15646,17191,Dallas,HUB-SOUTH,9.0,9.0,,2018-05-02
ORD15664,30384,San Diego,HUB-WEST,12.0,12.0,,2018-05-02
ORD15672,1664,Philadelphia,HUB-EAST,4.0,12.0,,2018-05-02
ORD15691,23371,Philadelphia,HUB-EAST,11.0,27.0,,2018-05-02
ORD15710,38677,Indianapolis,HUB-MID,1.0,1.0,,2018-05-02
ORD15720,32960,Indianapolis,HUB-MID,36.0,219.0,,2018-05-02
ORD15761,24479,Philadelphia,HUB-EAST,7.0,7.0,,2018-05-02
ORD15774,20003,San Diego,HUB-WEST,33.0,204.0,,2018-05-02
ORD15780,10101,Los Angeles,HUB-WEST,25.0,25.0,,2018-05-02
ORD15817,29053,Austin,HUB-SOUTH,4.0,4.0,,2018-05-02
ORD15819,12208,San Diego,HUB-WEST,1.0,1.0,,2018-05-02
ORD15823,27881,Chicago,HUB-MID,4.0,4.0,,2018-05-02
ORD15824,24484,Columbus,HUB-MID,5.0,5.0,,2018-05-02
ORD15841,35235,Columbus,HUB-MID,16.0,16.0,,2018-05-02
ORD15854,36446,Charlotte,HUB-EAST,1.0,1.0,,2018-05-02
ORD15869,36623,Fort Worth,HUB-SOUTH,1.0,1.0,,2018-05-02
ORD15889,24194,Jacksonville,HUB-EAST,1.0,1.0,,2018-05-02
ORD15909,19879,San Francisco,HUB-WEST,21.0,126.0,,2018-05-02
ORD15943,22418,Houston,HUB-SOUTH,228.0,228.0,,2018-05-03
ORD15949,13939,Indianapolis,HUB-MID,1.0,1.0,,2018-05-03
ORD15964,36773,San Jose,HUB-WEST,2.0,2.0,,2018-05-03
ORD15968,40279,Fort Worth,HUB-SOUTH,1.0,1.0,,2018-05-03
ORD15980,12834,Houston,HUB-SOUTH,5.0,5.0,,2018-05-03
ORD15985,40281,Los Angeles,HUB-WEST,1.0,1.0,,2018-05-03
ORD15990,30232,Chicago,HUB-MID,30.0,30.0,,2018-05-03
ORD16022,24485,Jacksonville,HUB-EAST,10.0,15.0,,2018-05-04
ORD16059,10106,Jacksonville,HUB-EAST,13.0,13.0,,2018-05-04
ORD16110,14692,New York,HUB-EAST,1.0,1.0,,2018-05-04
ORD16130,38341,San Diego,HUB-WEST,4.0,4.0,,2018-05-04
ORD16162,4141,Columbus,HUB-MID,6.0,6.0,,2018-05-07
ORD16164,35861,San Antonio,HUB-SOUTH,6.0,6.0,,2018-05-07
ORD16173,35476,Denver,HUB-WEST,383.0,1482.0,,2018-05-07
ORD16180,767,Chicago,HUB-MID,5.0,5.0,1.0,2018-05-07
ORD16186,19312,Seattle,HUB-WEST,10.0,10.0,,2018-05-07
ORD16189,22402,New York,HUB-EAST,5.0,5.0,1.0,2018-05-07
ORD16190,22403,New York,HUB-EAST,16.0,16.0,,2018-05-07
ORD16200,28969,Indianapolis,HUB-MID,16.0,16.0,,2018-05-07
ORD16211,18634,New York,HUB-EAST,19.0,19.0,,2018-05-07
ORD16212,4142,Indianapolis,HUB-MID,5.0,5.0,1.0,2018-05-07
ORD16213,14480,Philadelphia,HUB-EAST,13.0,13.0,,2018-05-07
ORD16229,623,Chicago,HUB-MID,3.0,3.0,,2018-05-08
ORD16230,10215,Charlotte,HUB-EAST,2.0,3.0,,2018-05-08
ORD16234,9139,Indianapolis,HUB-MID,6.0,6.0,,2018-05-08
ORD16241,1987,San Diego,HUB-WEST,15.0,15.0,,2018-05-08
ORD16246,24726,Seattle,HUB-WEST,12.0,12.0,,2018-05-08
ORD16247,7043,Houston,HUB-SOUTH,6.0,12.0,,2018-05-08
ORD16265,22983,San Francisco,HUB-WEST,22.0,22.0,,2018-05-08
ORD16266,32551,Houston,HUB-SOUTH,326.0,1230.0,,2018-05-08
ORD16284,11227,San Antonio,HUB-SOUTH,27.0,111.0,,2018-05-08
ORD16292,9670,Denver,HUB-WEST,1.0,1.0,,2018-05-08
ORD16307,671,Seattle,HUB-WEST,4.0,4.0,,2018-05-08
ORD16317,33505,Phoenix,HUB-WEST,1.0,1.0,,2018-05-08
ORD16318,6114,Philadelphia,HUB-EAST,5.0,5.0,1.0,2018-05-08
ORD16322,1989,Jacksonville,HUB-EAST,131.0,237.0,,2018-05-08
ORD16323,7462,Jacksonville,HUB-EAST,11.0,11.0,,2018-05-08
ORD16324,18851,Houston,HUB-SOUTH,4.0,4.0,,2018-05-08
ORD16328,1985,Denver,HUB-WEST,10.0,10.0,,2018-05-08
ORD16329,33354,San Diego,HUB-WEST,5.0,5.0,1.0,2018-05-08
ORD16330,32194,Dallas,HUB-SOUTH,10.0,10.0,,2018-05-08
ORD16332,32342,Indianapolis,HUB-MID,1.0,1.0,,2018-05-08
ORD16351,24727,Seattle,HUB-WEST,7.0,7.0,,2018-05-08
ORD16359,2018,San Diego,HUB-WEST,13.0,13.0,,2018-05-08
ORD16362,18712,Nashville,HUB-EAST,7.0,7.0,,2018-05-08
ORD16375,18711,Dallas,HUB-SOUTH,1.0,1.0,,2018-05-08
ORD16525,38471,San Francisco,HUB-WEST,8.0,8.0,,2018-05-09
ORD16545,18952,Nashville,HUB-EAST,1.0,1.0,,2018-05-09
ORD16568,29281,Jacksonville,HUB-EAST,1.0,1.0,,2018-05-09
ORD16615,9602,Columbus,HUB-MID,1.0,1.0,,2018-05-10
ORD16659,34581,San Jose,HUB-WEST,19.0,19.0,,2018-05-10
ORD16699,9601,Los Angeles,HUB-WEST,1.0,1.0,,2018-05-10
ORD16792,9050,Columbus,HUB-MID,2.0,2.0,,2018-05-11
ORD16840,12734,Phoenix,HUB-WEST,1.0,1.0,,2018-05-11
ORD16842,6443,New York,HUB-EAST,1.0,1.0,1.0,2018-05-11
ORD16932,19590,New York,HUB-EAST,25.0,171.0,,2018-05-14
ORD16967,9821,Jacksonville,HUB-EAST,2.0,2.0,,2018-05-14
ORD16992,23984,New York,HUB-EAST,121.0,121.0,,2018-05-14
ORD17008,1738,Dallas,HUB-SOUTH,5.0,6.0,,2018-05-15
ORD17012,1987,Philadelphia,HUB-EAST,4.0,9.0,,2018-05-15
ORD17118,8335,Denver,HUB-WEST,2.0,2.0,,2018-05-15
ORD17121,18711,San Antonio,HUB-SOUTH,9.0,33.0,,2018-05-15
ORD17134,7856,Denver,HUB-WEST,2.0,2.0,,2018-05-15
ORD17142,24726,Charlotte,HUB-EAST,2.0,2.0,,2018-05-15
ORD17148,18712,Dallas,HUB-SOUTH,45.0,159.0,,2018-05-15
ORD17233,40088,Jacksonville,HUB-EAST,8.0,9.0,,2018-05-16
ORD17237,5010,Houston,HUB-SOUTH,8.0,9.0,,2018-05-16
ORD17263,3613,Austin,HUB-SOUTH,4.0,18.0,,2018-05-16
ORD17304,33058,Seattle,HUB-WEST,32.0,138.0,,2018-05-16
ORD17334,17191,San Jose,HUB-WEST,1.0,1.0,,2018-05-16
ORD17338,17192,Phoenix,HUB-WEST,1.0,1.0,,2018-05-16
ORD17340,37014,Los Angeles,HUB-WEST,36.0,156.0,,2018-05-16
ORD17374,24479,Indianapolis,HUB-MID,1.0,1.0,,2018-05-16
ORD17389,12560,Indianapolis,HUB-MID,1.0,1.0,,2018-05-16
ORD17393,24480,Chicago,HUB-MID,1.0,1.0,,2018-05-16
ORD17397,24483,Houston,HUB-SOUTH,1.0,1.0,,2018-05-16
ORD17450,9018,Dallas,HUB-SOUTH,2.0,2.0,,2018-05-16
ORD17457,22106,Chicago,HUB-MID,1.0,1.0,,2018-05-16
ORD17498,39713,Indianapolis,HUB-MID,3.0,3.0,,2018-05-17
ORD17555,9602,Indianapolis,HUB-MID,27.0,45.0,,2018-05-17
ORD17599,24290,Dallas,HUB-SOUTH,286.0,286.0,,2018-05-17
ORD17618,24286,Denver,HUB-WEST,205.0,205.0,,2018-05-17
ORD17647,13767,Charlotte,HUB-EAST,8.0,8.0,,2018-05-17
ORD17664,13097,Austin,HUB-SOUTH,1.0,1.0,,2018-05-17
ORD17688,9603,San Antonio,HUB-SOUTH,1.0,1.0,,2018-05-17
ORD17715,13255,Nashville,HUB-EAST,3.0,3.0,,2018-05-18
ORD17759,30384,San Jose,HUB-WEST,15.0,15.0,,2018-05-18
ORD17856,3449,San Francisco,HUB-WEST,1.0,1.0,,2018-05-18
ORD17867,9821,Nashville,HUB-EAST,1.0,1.0,1.0,2018-05-18
ORD17877,5614,Dallas,HUB-SOUTH,8.0,8.0,7.0,2018-05-18
ORD17920,8289,Dallas,HUB-SOUTH,1.0,1.0,,2018-05-18
ORD17976,36629,Los Angeles,HUB-WEST,1.0,1.0,,2018-05-18
ORD18065,40240,San Diego,HUB-WEST,76.0,76.0,,2018-05-21
ORD18081,6913,Chicago,HUB-MID,1.0,1.0,,2018-05-21
ORD18082,23984,Phoenix,HUB-WEST,314.0,314.0,,2018-05-21
ORD18127,1445,Indianapolis,HUB-MID,8.0,12.0,,2018-05-22
ORD18207,17709,Charlotte,HUB-EAST,37.0,51.0,,2018-05-22
ORD18252,36629,Columbus,HUB-MID,1.0,1.0,,2018-05-22
ORD18253,9362,Philadelphia,HUB-EAST,1.0,1.0,,2018-05-22
ORD18254,18145,San Diego,HUB-WEST,1.0,1.0,,2018-05-22
ORD18280,8851,Fort Worth,HUB-SOUTH,15.0,15.0,,2018-05-23
ORD18303,38511,San Diego,HUB-WEST,120.0,513.0,,2018-05-23
ORD18338,19702,Charlotte,HUB-EAST,1.0,1.0,,2018-05-23
ORD18344,16844,Dallas,HUB-SOUTH,1.0,1.0,,2018-05-23
ORD18347,38712,Houston,HUB-SOUTH,48.0,48.0,,2018-05-23
ORD18350,3945,Nashville,HUB-EAST,48.0,78.0,,2018-05-23
ORD18354,22419,New York,HUB-EAST,2.0,2.0,,2018-05-23
ORD18388,760,Charlotte,HUB-EAST,1.0,1.0,,2018-05-23
ORD18431,21110,Charlotte,HUB-EAST,6285.0,6285.0,,2018-05-24
ORD18491,9986,Jacksonville,HUB-EAST,9.0,9.0,,2018-05-29
ORD18512,19110,San Diego,HUB-WEST,5.0,12.0,,2018-05-29
ORD18572,17191,Fort Worth,HUB-SOUTH,1.0,1.0,,2018-05-29
ORD18584,17192,San Francisco,HUB-WEST,1.0,1.0,,2018-05-29
ORD18612,9821,Austin,HUB-SOUTH,11.0,11.0,,2018-05-29
ORD18614,36722,Jacksonville,HUB-EAST,1.0,1.0,,2018-05-29
ORD18626,24479,Denver,HUB-WEST,1.0,1.0,,2018-05-29
ORD18650,12560,Charlotte,HUB-EAST,1.0,1.0,,2018-05-29
ORD18667,24480,Fort Worth,HUB-SOUTH,1.0,1.0,,2018-05-29
ORD18670,24483,Houston,HUB-SOUTH,1.0,1.0,,2018-05-29
ORD18825,39014,Phoenix,HUB-WEST,5.0,12.0,,2018-05-30
ORD18832,5884,San Francisco,HUB-WEST,18.0,18.0,,2018-05-30
ORD18850,39770,Nashville,HUB-EAST,14.0,14.0,,2018-05-30
ORD18924,35136,Chicago,HUB-MID,20.0,20.0,,2018-05-30
ORD18965,29087,Nashville,HUB-EAST,16.0,33.0,,2018-05-30
ORD19184,35231,Chicago,HUB-MID,15.0,81.0,,2018-06-01
ORD19185,35231,Denver,HUB-WEST,27.0,147.0,,2018-06-01
ORD19193,12834,Houston,HUB-SOUTH,43.0,246.0,,2018-06-01
ORD19200,30232,Houston,HUB-SOUTH,43.0,246.0,,2018-06-01
ORD19226,22415,Dallas,HUB-SOUTH,2.0,2.0,,2018-06-04
ORD19247,22556,Charlotte,HUB-EAST,2.0,3.0,,2018-06-05
ORD19273,22419,Jacksonville,HUB-EAST,2.0,2.0,,2018-06-05
ORD19313,3083,Dallas,HUB-SOUTH,1.0,1.0,,2018-06-05
ORD19348,30164,Los Angeles,HUB-WEST,38.0,57.0,,2018-06-05
ORD19354,22106,Phoenix,HUB-WEST,1.0,1.0,,2018-06-05
ORD19358,33759,Chicago,HUB-MID,1.0,1.0,,2018-06-05
ORD19363,36167,New York,HUB-EAST,85.0,85.0,,2018-06-05
ORD19374,21538,Charlotte,HUB-EAST,3.0,3.0,,2018-06-06
ORD19457,10101,Fort Worth,HUB-SOUTH,43.0,246.0,,2018-06-06
ORD19460,10263,Charlotte,HUB-EAST,79.0,79.0,,2018-06-06
ORD19496,1986,Dallas,HUB-SOUTH,1.0,1.0,,2018-06-06
ORD19513,1988,Charlotte,HUB-EAST,1.0,1.0,,2018-06-06
ORD19546,6443,San Diego,HUB-WEST,147.0,147.0,,2018-06-06
ORD19557,13107,Columbus,HUB-MID,1.0,1.0,,2018-06-06
ORD19632,32322,Houston,HUB-SOUTH,3.0,3.0,,2018-06-07
ORD19714,10103,Phoenix,HUB-WEST,43.0,246.0,,2018-06-07
ORD19725,10108,Los Angeles,HUB-WEST,43.0,246.0,,2018-06-07
ORD19832,8456,San Diego,HUB-WEST,11.0,12.0,,2018-06-08
ORD19892,22710,Charlotte,HUB-EAST,64.0,177.0,,2018-06-08
ORD20053,37344,Denver,HUB-WEST,1.0,1.0,,2018-06-08
ORD20069,8714,Nashville,HUB-EAST,1.0,1.0,,2018-06-08
ORD20110,31836,Dallas,HUB-SOUTH,22.0,22.0,,2018-06-11
ORD20140,6814,Fort Worth,HUB-SOUTH,49.0,51.0,,2018-06-11
ORD20154,22476,Jacksonville,HUB-EAST,45.0,60.0,42.0,2018-06-11
ORD20181,16612,Columbus,HUB-MID,4.0,6.0,,2018-06-12
ORD20271,2844,Phoenix,HUB-WEST,73.0,96.0,,2018-06-12
ORD20300,18711,New York,HUB-EAST,12.0,72.0,,2018-06-12
ORD20318,2019,Denver,HUB-WEST,1.0,1.0,,2018-06-12
ORD20350,19876,Charlotte,HUB-EAST,1.0,1.0,,2018-06-12
ORD20398,22350,Los Angeles,HUB-WEST,18.0,24.0,,2018-06-13
ORD20409,21110,Charlotte,HUB-EAST,600.0,600.0,,2018-06-13
ORD20445,19440,Columbus,HUB-MID,28.0,63.0,,2018-06-13
ORD20460,39909,San Jose,HUB-WEST,1.0,1.0,,2018-06-13
ORD20477,66,San Diego,HUB-WEST,110.0,222.0,,2018-06-13
ORD20616,14362,Phoenix,HUB-WEST,10.0,12.0,,2018-06-14
ORD20663,39691,San Francisco,HUB-WEST,1.0,1.0,,2018-06-14
ORD20669,24290,Houston,HUB-SOUTH,286.0,286.0,,2018-06-14
ORD20778,3752,Denver,HUB-WEST,1.0,1.0,,2018-06-14
ORD20935,8266,Houston,HUB-SOUTH,1.0,1.0,,2018-06-18
ORD20992,3298,San Antonio,HUB-SOUTH,9.0,45.0,,2018-06-18
ORD21034,37347,San Antonio,HUB-SOUTH,3.0,18.0,,2018-06-19
ORD21035,23106,Columbus,HUB-MID,4.0,18.0,,2018-06-19
ORD21063,1987,Los Angeles,HUB-WEST,1.0,1.0,,2018-06-19
ORD21082,29871,Phoenix,HUB-WEST,1.0,1.0,,2018-06-19
ORD21086,671,Denver,HUB-WEST,1.0,1.0,1.0,2018-06-19
ORD21104,1985,Phoenix,HUB-WEST,2.0,2.0,,2018-06-19
ORD21125,23794,San Francisco,HUB-WEST,1.0,1.0,,2018-06-19
ORD21138,22934,Philadelphia,HUB-EAST,1.0,1.0,,2018-06-19
ORD21169,2636,Dallas,HUB-SOUTH,1.0,1.0,,2018-06-19
ORD21186,18612,Nashville,HUB-EAST,3.0,3.0,,2018-06-20
ORD21239,22475,Indianapolis,HUB-MID,16.0,21.0,,2018-06-20
ORD21273,1328,Nashville,HUB-EAST,1.0,1.0,,2018-06-20
ORD21294,25697,Austin,HUB-SOUTH,18.0,108.0,,2018-06-20
ORD21299,21803,Phoenix,HUB-WEST,1541.0,1541.0,,2018-06-20
ORD21300,38284,Austin,HUB-SOUTH,71.0,174.0,,2018-06-20
ORD21335,4185,New York,HUB-EAST,1.0,1.0,,2018-06-20
ORD21363,15071,San Francisco,HUB-WEST,25.0,39.0,,2018-06-20
ORD21413,21372,Nashville,HUB-EAST,3.0,3.0,,2018-06-21
ORD21426,19845,San Francisco,HUB-WEST,6.0,6.0,,2018-06-21
ORD21484,21000,Jacksonville,HUB-EAST,192.0,789.0,,2018-06-21
ORD21530,11861,Chicago,HUB-MID,19.0,19.0,,2018-06-21
ORD21550,31828,Los Angeles,HUB-WEST,1.0,1.0,,2018-06-21
ORD21551,3840,San Antonio,HUB-SOUTH,69.0,90.0,,2018-06-21
ORD21562,5100,Indianapolis,HUB-MID,1.0,1.0,,2018-06-21
ORD21602,23984,San Francisco,HUB-WEST,48.0,48.0,,2018-06-21
ORD21653,22797,Columbus,HUB-MID,9.0,9.0,,2018-06-22
ORD21682,38350,Dallas,HUB-SOUTH,12.0,27.0,,2018-06-22
ORD21695,23182,Los Angeles,HUB-WEST,7.0,7.0,,2018-06-22
ORD21701,1450,San Jose,HUB-WEST,1.0,1.0,,2018-06-22
ORD21704,36645,Chicago,HUB-MID,5.0,5.0,,2018-06-22
ORD21714,23724,Chicago,HUB-MID,1.0,1.0,,2018-06-22
ORD21721,24723,San Diego,HUB-WEST,1.0,1.0,,2018-06-22
ORD21764,20503,Seattle,HUB-WEST,1.0,1.0,,2018-06-22
ORD21802,22350,Austin,HUB-SOUTH,7.0,7.0,,2018-06-22
ORD21814,24485,Fort Worth,HUB-SOUTH,1.0,1.0,,2018-06-22
ORD21820,22347,Philadelphia,HUB-EAST,7.0,7.0,,2018-06-22
ORD21860,5335,Chicago,HUB-MID,1.0,1.0,,2018-06-22
ORD21896,36957,San Jose,HUB-WEST,20.0,84.0,,2018-06-25
ORD21926,24564,San Antonio,HUB-SOUTH,21.0,39.0,,2018-06-25
ORD22014,3642,Jacksonville,HUB-EAST,5.0,24.0,,2018-06-26
ORD22019,10102,Seattle,HUB-WEST,222.0,1008.0,,2018-06-26
ORD22027,19999,Philadelphia,HUB-EAST,100.0,100.0,,2018-06-26
ORD22028,21110,Charlotte,HUB-EAST,250.0,250.0,,2018-06-26
ORD22029,21110,Nashville,HUB-EAST,96.0,96.0,,2018-06-26
ORD22075,34189,San Jose,HUB-WEST,1.0,1.0,,2018-06-26
ORD22085,18460,Charlotte,HUB-EAST,1.0,1.0,,2018-06-26
ORD22101,18712,Chicago,HUB-MID,5.0,5.0,,2018-06-26
ORD22136,22476,Philadelphia,HUB-EAST,15.0,90.0,,2018-06-26
ORD22141,22983,Nashville,HUB-EAST,5.0,5.0,21.0,2018-06-26
ORD22233,18860,Houston,HUB-SOUTH,9.0,36.0,,2018-06-27
ORD22273,287,Seattle,HUB-WEST,54.0,381.0,,2018-06-27
ORD22280,25697,Indianapolis,HUB-MID,54.0,381.0,,2018-06-27
ORD22286,35421,Los Angeles,HUB-WEST,19.0,19.0,,2018-06-27
ORD22318,131,San Antonio,HUB-SOUTH,1.0,1.0,,2018-06-27
ORD22322,24928,Houston,HUB-SOUTH,1.0,1.0,,2018-06-27
ORD22359,38898,Jacksonville,HUB-EAST,6.0,6.0,,2018-06-28
ORD22398,38290,Phoenix,HUB-WEST,6.0,36.0,,2018-06-28
ORD22404,21521,Seattle,HUB-WEST,1.0,1.0,,2018-06-28
ORD22453,8675,Philadelphia,HUB-EAST,1.0,3.0,,2018-06-29
ORD22466,671,Nashville,HUB-EAST,6.0,9.0,,2018-06-29
ORD22702,18612,Jacksonville,HUB-EAST,20.0,20.0,,2018-06-30
ORD22715,767,Denver,HUB-WEST,2.0,2.0,,2018-06-30
ORD22759,17709,Philadelphia,HUB-EAST,22.0,51.0,,2018-06-30
ORD22814,14280,Jacksonville,HUB-EAST,1.0,1.0,,2018-06-30
ORD22839,35231,Denver,HUB-WEST,3.0,3.0,,2018-07-03
ORD22858,22982,Charlotte,HUB-EAST,24.0,24.0,,2018-07-03
ORD22859,22982,Seattle,HUB-WEST,24.0,24.0,,2018-07-03
ORD22860,22982,Fort Worth,HUB-SOUTH,24.0,24.0,,2018-07-03
ORD22902,23566,Fort Worth,HUB-SOUTH,2.0,2.0,,2018-07-03
ORD22903,23564,Nashville,HUB-EAST,2.0,2.0,,2018-07-03
ORD22907,32823,Los Angeles,HUB-WEST,8.0,8.0,,2018-07-03
ORD22959,25698,San Francisco,HUB-WEST,15.0,15.0,,2018-07-04
ORD22967,34756,Columbus,HUB-MID,4.0,18.0,,2018-07-04
ORD23028,2273,Nashville,HUB-EAST,23.0,36.0,,2018-07-04
ORD23234,23722,San Antonio,HUB-SOUTH,3.0,18.0,,2018-07-06
ORD23286,806,Houston,HUB-SOUTH,16.0,69.0,,2018-07-06
ORD23300,33929,Jacksonville,HUB-EAST,7.0,7.0,,2018-07-06
ORD23320,22472,Seattle,HUB-WEST,7.0,7.0,,2018-07-06
ORD23388,37077,Houston,HUB-SOUTH,1.0,1.0,,2018-07-06
ORD23395,12567,Austin,HUB-SOUTH,3.0,3.0,,2018-07-09
ORD23422,40077,Denver,HUB-WEST,6553.0,6553.0,,2018-07-09
ORD23497,5907,San Antonio,HUB-SOUTH,3.0,3.0,,2018-07-10
ORD23541,20163,San Diego,HUB-WEST,18.0,27.0,,2018-07-10
ORD23556,26463,Charlotte,HUB-EAST,61.0,78.0,,2018-07-10
ORD23608,4141,Jacksonville,HUB-EAST,96.0,96.0,,2018-07-10
ORD23696,5010,Phoenix,HUB-WEST,2.0,18.0,,2018-07-11
ORD23748,23834,Fort Worth,HUB-SOUTH,49.0,49.0,,2018-07-11
ORD23791,37882,Houston,HUB-SOUTH,7.0,7.0,,2018-07-11
ORD23833,5888,Indianapolis,HUB-MID,7.0,7.0,,2018-07-11
ORD23895,23683,Dallas,HUB-SOUTH,40.0,40.0,,2018-07-12
ORD23907,8273,Nashville,HUB-EAST,1.0,1.0,,2018-07-12
ORD23950,37977,Nashville,HUB-EAST,2560.0,2560.0,591.0,2018-07-12
ORD24040,7987,Nashville,HUB-EAST,1.0,1.0,,2018-07-13
ORD24048,22351,Columbus,HUB-MID,2814.0,12003.0,,2018-07-13
ORD24049,22351,Columbus,HUB-MID,1000.0,1000.0,,2018-07-13
ORD24061,6443,Houston,HUB-SOUTH,2.0,2.0,,2018-07-13
ORD24068,4141,San Antonio,HUB-SOUTH,1.0,1.0,,2018-07-13
ORD24088,18711,Fort Worth,HUB-SOUTH,639.0,4158.0,,2018-07-13
ORD24173,7688,Fort Worth,HUB-SOUTH,152.0,152.0,,2018-07-16
ORD24381,18711,Columbus,HUB-MID,22.0,22.0,,2018-07-17
ORD24393,13138,Chicago,HUB-MID,1.0,1.0,,2018-07-17
ORD24397,39938,Austin,HUB-SOUTH,2.0,2.0,,2018-07-17
ORD24425,18229,Columbus,HUB-MID,3.0,3.0,,2018-07-18
ORD24490,7173,San Diego,HUB-WEST,52.0,52.0,,2018-07-18
ORD24496,22712,San Jose,HUB-WEST,1323.0,1323.0,,2018-07-18
ORD24501,22711,Los Angeles,HUB-WEST,210.0,210.0,,2018-07-18
ORD24573,22350,Austin,HUB-SOUTH,1.0,1.0,,2018-07-18
ORD24585,22472,Phoenix,HUB-WEST,1.0,1.0,,2018-07-18
ORD24586,22347,Seattle,HUB-WEST,1.0,1.0,,2018-07-18
ORD24589,11251,Columbus,HUB-MID,145.0,145.0,,2018-07-18
ORD24623,22476,San Jose,HUB-WEST,1.0,1.0,,2018-07-18
ORD24624,22475,San Antonio,HUB-SOUTH,1.0,1.0,,2018-07-18
ORD24625,22474,Houston,HUB-SOUTH,1.0,1.0,,2018-07-18
ORD24626,22477,New York,HUB-EAST,1.0,1.0,,2018-07-18
ORD24682,22860,Seattle,HUB-WEST,45.0,45.0,,2018-07-19
ORD24730,13290,Phoenix,HUB-WEST,5.0,6.0,,2018-07-20
ORD24816,17584,Nashville,HUB-EAST,20.0,20.0,,2018-07-20
ORD24854,19439,Phoenix,HUB-WEST,8.0,8.0,,2018-07-20
ORD24885,28537,Dallas,HUB-SOUTH,11.0,11.0,,2018-07-20
ORD24930,35378,Fort Worth,HUB-SOUTH,10.0,10.0,,2018-07-20
ORD24935,23851,Chicago,HUB-MID,1.0,1.0,,2018-07-20
ORD24937,24726,Phoenix,HUB-WEST,11.0,11.0,,2018-07-20
ORD24952,33350,San Diego,HUB-WEST,1.0,3.0,,2018-07-23
ORD24953,40211,Columbus,HUB-MID,2.0,3.0,,2018-07-23
ORD24956,2531,Indianapolis,HUB-MID,5.0,12.0,,2018-07-23
ORD25074,20234,Chicago,HUB-MID,20.0,54.0,,2018-07-24
ORD25159,12521,San Jose,HUB-WEST,4.0,18.0,,2018-07-25
ORD25171,37504,San Antonio,HUB-SOUTH,826.0,826.0,,2018-07-25
ORD25201,4279,Charlotte,HUB-EAST,1.0,1.0,,2018-07-25
ORD25229,17650,Houston,HUB-SOUTH,45.0,45.0,,2018-07-25
ORD25259,23674,Charlotte,HUB-EAST,1.0,1.0,,2018-07-25
ORD25296,1822,New York,HUB-EAST,3.0,3.0,,2018-07-26
ORD25298,6351,Nashville,HUB-EAST,3.0,3.0,,2018-07-26
ORD25556,32109,Philadelphia,HUB-EAST,1.0,1.0,,2018-07-27
ORD25585,34570,San Jose,HUB-WEST,4.0,4.0,,2018-07-27
ORD25631,3105,San Diego,HUB-WEST,1.0,1.0,,2018-07-27
ORD25707,18711,Phoenix,HUB-WEST,8.0,207.0,,2018-07-27
ORD25742,18068,Houston,HUB-SOUTH,27.0,27.0,,2018-07-30
ORD26089,23094,Nashville,HUB-EAST,368.0,1452.0,,2018-07-31
ORD26142,34186,Seattle,HUB-WEST,201.0,219.0,,2018-07-31
ORD26215,18711,San Antonio,HUB-SOUTH,35.0,35.0,,2018-07-31
ORD26228,37675,Austin,HUB-SOUTH,1.0,1.0,,2018-07-31
ORD26238,22347,Seattle,HUB-WEST,3.0,3.0,,2018-08-01
ORD26251,20829,Houston,HUB-SOUTH,1.0,1.0,,2018-08-01
ORD26254,3581,Seattle,HUB-WEST,1.0,1.0,,2018-08-01
ORD26255,19569,Fort Worth,HUB-SOUTH,4.0,4.0,,2018-08-01
ORD26257,24484,Jacksonville,HUB-EAST,1.0,1.0,,2018-08-01
ORD26258,36931,Indianapolis,HUB-MID,2.0,2.0,,2018-08-01
ORD26274,12560,San Diego,HUB-WEST,1.0,1.0,,2018-08-01
ORD26277,24483,Philadelphia,HUB-EAST,2.0,2.0,,2018-08-01
ORD26283,24480,New York,HUB-EAST,1.0,1.0,,2018-08-01
ORD26297,24728,Austin,HUB-SOUTH,55.0,55.0,,2018-08-01
ORD26341,27412,Nashville,HUB-EAST,5.0,5.0,,2018-08-02
ORD26399,1634,Dallas,HUB-SOUTH,5.0,6.0,,2018-08-03
ORD26463,23674,Jacksonville,HUB-EAST,1.0,1.0,,2018-08-03
ORD26481,1985,Chicago,HUB-MID,2.0,2.0,,2018-08-03
ORD26484,28095,Nashville,HUB-EAST,4.0,4.0,,2018-08-03
ORD26692,20943,Fort Worth,HUB-SOUTH,13.0,13.0,,2018-08-07
ORD26793,31377,Chicago,HUB-MID,4.0,12.0,,2018-08-08
ORD26845,24485,Nashville,HUB-EAST,279.0,990.0,,2018-08-08
ORD26864,1985,Denver,HUB-WEST,20.0,20.0,,2018-08-08
ORD26881,28367,Indianapolis,HUB-MID,1.0,1.0,,2018-08-08
ORD26932,16015,Seattle,HUB-WEST,12.0,12.0,,2018-08-09
ORD26939,39691,Phoenix,HUB-WEST,3.0,18.0,,2018-08-09
ORD26959,39691,Denver,HUB-WEST,10.0,10.0,,2018-08-09
ORD27096,23751,Chicago,HUB-MID,13.0,24.0,,2018-08-10
ORD27100,1987,Denver,HUB-WEST,15.0,24.0,,2018-08-10
ORD27193,20885,San Antonio,HUB-SOUTH,7.0,7.0,,2018-08-10
ORD27226,3704,Philadelphia,HUB-EAST,1.0,1.0,,2018-08-10
ORD27252,10816,Seattle,HUB-WEST,11.0,12.0,,2018-08-13
ORD27264,24341,Philadelphia,HUB-EAST,1.0,1.0,,2018-08-13
ORD27297,23563,Los Angeles,HUB-WEST,1.0,1.0,,2018-08-13
ORD27300,23563,Austin,HUB-SOUTH,1.0,1.0,,2018-08-13
ORD27333,8255,Jacksonville,HUB-EAST,6.0,6.0,,2018-08-14
ORD27374,3642,Charlotte,HUB-EAST,14.0,27.0,,2018-08-14
ORD27523,11407,Austin,HUB-SOUTH,1.0,1.0,,2018-08-14
ORD27524,40041,Denver,HUB-WEST,1.0,1.0,,2018-08-14
ORD27629,22675,Austin,HUB-SOUTH,4.0,18.0,,2018-08-15
ORD27645,36451,San Antonio,HUB-SOUTH,15.0,24.0,,2018-08-15
ORD27709,9395,Houston,HUB-SOUTH,1.0,1.0,,2018-08-15
ORD27778,33759,Denver,HUB-WEST,2.0,2.0,,2018-08-15
ORD27791,37344,Indianapolis,HUB-MID,1.0,1.0,,2018-08-15
ORD27817,4918,San Jose,HUB-WEST,2.0,9.0,,2018-08-16
ORD27840,36636,Fort Worth,HUB-SOUTH,2059.0,2059.0,,2018-08-16
ORD27842,40171,Dallas,HUB-SOUTH,1.0,1.0,,2018-08-16
ORD27845,33090,Dallas,HUB-SOUTH,1.0,1.0,,2018-08-16
ORD27876,19309,Jacksonville,HUB-EAST,117.0,117.0,,2018-08-16
ORD27917,11485,Indianapolis,HUB-MID,3.0,3.0,,2018-08-17
ORD28060,28095,Los Angeles,HUB-WEST,6.0,36.0,,2018-08-17
ORD28169,23563,Charlotte,HUB-EAST,6.0,6.0,,2018-08-20
ORD28274,36685,San Jose,HUB-WEST,1.0,1.0,,2018-08-20
ORD28317,40211,Charlotte,HUB-EAST,1.0,3.0,,2018-08-21
ORD28318,38332,Nashville,HUB-EAST,3.0,3.0,,2018-08-21
ORD28336,1986,Phoenix,HUB-WEST,14.0,15.0,,2018-08-21
ORD28359,21960,Los Angeles,HUB-WEST,22.0,24.0,,2018-08-21
ORD28419,28095,Phoenix,HUB-WEST,10.0,10.0,,2018-08-21
ORD28427,24096,Philadelphia,HUB-EAST,5.0,5.0,,2018-08-21
ORD28439,18712,New York,HUB-EAST,159.0,282.0,,2018-08-21
ORD28443,18711,San Antonio,HUB-SOUTH,1015.0,2427.0,,2018-08-21
ORD28444,18711,Philadelphia,HUB-EAST,18.0,63.0,,2018-08-21
ORD28528,29216,Dallas,HUB-SOUTH,300.0,300.0,,2018-08-22
ORD28529,39175,Columbus,HUB-MID,32.0,207.0,,2018-08-22
ORD28542,21639,Denver,HUB-WEST,5.0,5.0,,2018-08-22
ORD28621,2661,New York,HUB-EAST,4.0,4.0,,2018-08-22
ORD28640,24728,Houston,HUB-SOUTH,609.0,1455.0,,2018-08-22
ORD28647,9599,San Antonio,HUB-SOUTH,1.0,1.0,,2018-08-22
ORD28654,9602,San Antonio,HUB-SOUTH,72.0,72.0,,2018-08-22
ORD28671,7707,Chicago,HUB-MID,2.0,9.0,,2018-08-23
ORD28693,36559,New York,HUB-EAST,19.0,19.0,,2018-08-23
ORD28733,36773,Seattle,HUB-WEST,1.0,1.0,,2018-08-23
ORD28834,7245,Philadelphia,HUB-EAST,262.0,262.0,,2018-08-24
ORD28837,29477,Dallas,HUB-SOUTH,140.0,162.0,,2018-08-24
ORD28842,7245,Charlotte,HUB-EAST,240.0,240.0,,2018-08-24
ORD28852,12968,Charlotte,HUB-EAST,156.0,156.0,,2018-08-24
ORD28917,20885,Jacksonville,HUB-EAST,1.0,1.0,,2018-08-24
ORD28994,32612,Houston,HUB-SOUTH,6.0,6.0,,2018-08-27
ORD29001,37212,Chicago,HUB-MID,4.0,9.0,,2018-08-27
ORD29006,24495,Denver,HUB-WEST,10.0,15.0,,2018-08-27
ORD29065,15551,Jacksonville,HUB-EAST,9.0,42.0,,2018-08-27
ORD29089,21333,Los Angeles,HUB-WEST,107.0,141.0,,2018-08-27
ORD29105,17104,Dallas,HUB-SOUTH,1.0,1.0,,2018-08-27
ORD29108,36443,Austin,HUB-SOUTH,1.0,1.0,,2018-08-27
ORD29145,3883,Phoenix,HUB-WEST,5.0,6.0,,2018-08-28
ORD29204,28909,San Diego,HUB-WEST,1.0,1.0,,2018-08-28
ORD29238,3597,Austin,HUB-SOUTH,10.0,10.0,,2018-08-28
ORD29262,37213,San Francisco,HUB-WEST,7.0,7.0,,2018-08-28
ORD29286,28095,Dallas,HUB-SOUTH,85.0,387.0,,2018-08-28
ORD29296,23722,San Diego,HUB-WEST,203.0,486.0,,2018-08-28
ORD29349,4121,Nashville,HUB-EAST,5.0,5.0,,2018-08-28
ORD29412,27140,San Francisco,HUB-WEST,4.0,12.0,,2018-08-29
ORD29484,22787,Seattle,HUB-WEST,1015.0,2427.0,,2018-08-29
ORD29533,760,Los Angeles,HUB-WEST,32.0,54.0,,2018-08-29
ORD29635,11548,Denver,HUB-WEST,6.0,6.0,,2018-08-30
ORD29685,1557,San Antonio,HUB-SOUTH,24.0,24.0,,2018-08-30
ORD29697,19309,Phoenix,HUB-WEST,1378.0,1378.0,,2018-08-30
ORD29776,1150,San Jose,HUB-WEST,1.0,1.0,,2018-08-30
ORD29853,12266,San Jose,HUB-WEST,24.0,24.0,,2018-08-30
ORD29872,92,Los Angeles,HUB-WEST,3.0,3.0,,2018-08-31
ORD29954,37307,Charlotte,HUB-EAST,86.0,492.0,,2018-08-31
ORD29998,21518,Charlotte,HUB-EAST,2.0,2.0,,2018-08-31
ORD30063,13689,San Jose,HUB-WEST,96.0,96.0,,2018-08-31
ORD30086,16460,Los Angeles,HUB-WEST,11.0,30.0,,2018-08-31
ORD30133,43032,San Francisco,HUB-WEST,3.0,3.0,,2018-09-03
ORD30194,38712,Denver,HUB-WEST,48.0,48.0,,2018-09-03
ORD30214,24485,Nashville,HUB-EAST,1.0,1.0,,2018-09-03
ORD30327,25685,San Diego,HUB-WEST,9.0,9.0,,2018-09-04
ORD30396,1988,Dallas,HUB-SOUTH,109.0,109.0,,2018-09-04
ORD30398,22806,San Jose,HUB-WEST,545.0,545.0,,2018-09-04
ORD30428,1738,San Antonio,HUB-SOUTH,1165.0,1165.0,,2018-09-04
ORD30433,3509,Dallas,HUB-SOUTH,1.0,1.0,,2018-09-04
ORD30543,33845,Indianapolis,HUB-MID,1.0,1.0,,2018-09-05
ORD30567,38017,San Francisco,HUB-WEST,14.0,14.0,,2018-09-05
ORD30591,1238,Houston,HUB-SOUTH,1.0,1.0,,2018-09-05
ORD30655,1249,Chicago,HUB-MID,3.0,6.0,,2018-09-06
ORD30779,22351,Chicago,HUB-MID,434.0,1170.0,,2018-09-06
ORD30978,23563,Phoenix,HUB-WEST,12.0,12.0,,2018-09-11
ORD31051,1987,Columbus,HUB-MID,218.0,218.0,,2018-09-11
ORD31052,1986,San Antonio,HUB-SOUTH,109.0,109.0,,2018-09-11
ORD31171,15959,Fort Worth,HUB-SOUTH,3.0,3.0,,2018-09-12
ORD31216,23975,Denver,HUB-WEST,4.0,18.0,,2018-09-12
ORD31235,37227,Phoenix,HUB-WEST,84.0,84.0,,2018-09-12
ORD31313,23489,Phoenix,HUB-WEST,192.0,660.0,,2018-09-12
ORD31401,5791,Denver,HUB-WEST,12.0,12.0,1.0,2018-09-13
ORD31471,11548,Indianapolis,HUB-MID,7.0,7.0,,2018-09-13
ORD31529,18711,San Diego,HUB-WEST,6.0,6.0,,2018-09-14
ORD31730,22798,Houston,HUB-SOUTH,1.0,1.0,,2018-09-14
ORD31741,35378,Phoenix,HUB-WEST,25.0,51.0,,2018-09-14
ORD31742,35378,San Jose,HUB-WEST,1.0,1.0,,2018-09-14
ORD31816,32996,Phoenix,HUB-WEST,21.0,21.0,,2018-09-17
ORD31880,34547,Charlotte,HUB-EAST,2.0,2.0,,2018-09-17
ORD31882,34548,Nashville,HUB-EAST,2.0,2.0,,2018-09-17
ORD31942,22937,Phoenix,HUB-WEST,1.0,1.0,,2018-09-17
ORD31995,21976,San Antonio,HUB-SOUTH,2.0,3.0,,2018-09-18
ORD32085,10105,Houston,HUB-SOUTH,511.0,511.0,,2018-09-18
ORD32198,6317,San Antonio,HUB-SOUTH,13.0,69.0,,2018-09-18
ORD32238,25999,Houston,HUB-SOUTH,2.0,3.0,,2018-09-19
ORD32274,38099,Charlotte,HUB-EAST,12.0,15.0,17.0,2018-09-19
ORD32366,2595,Seattle,HUB-WEST,17.0,36.0,,2018-09-19
ORD32371,3506,Chicago,HUB-MID,1.0,1.0,,2018-09-19
ORD32426,37067,San Jose,HUB-WEST,4.0,4.0,,2018-09-19
ORD32436,38436,Fort Worth,HUB-SOUTH,2.0,2.0,,2018-09-19
ORD32455,18711,Seattle,HUB-WEST,10.0,10.0,,2018-09-19
ORD32484,19908,Jacksonville,HUB-EAST,3.0,3.0,,2018-09-20
ORD32486,10738,Chicago,HUB-MID,2.0,3.0,,2018-09-20
ORD32487,22012,New York,HUB-EAST,3.0,3.0,,2018-09-20
ORD32517,24728,San Francisco,HUB-WEST,18.0,18.0,,2018-09-20
ORD32567,42074,San Jose,HUB-WEST,1.0,1.0,,2018-09-20
ORD32591,32326,Dallas,HUB-SOUTH,5450.0,5450.0,648.0,2018-09-20
ORD32699,6381,San Diego,HUB-WEST,8.0,15.0,,2018-09-21
ORD32730,10039,Fort Worth,HUB-SOUTH,4.0,18.0,,2018-09-21
ORD32770,1988,Jacksonville,HUB-EAST,109.0,109.0,,2018-09-21
ORD32789,1986,Los Angeles,HUB-WEST,109.0,109.0,,2018-09-21
ORD33022,28351,Jacksonville,HUB-EAST,10.0,10.0,,2018-09-24
ORD33024,28351,Denver,HUB-WEST,333.0,1932.0,,2018-09-24
ORD33091,43285,San Jose,HUB-WEST,1.0,3.0,,2018-09-25
ORD33124,317,Austin,HUB-SOUTH,8.0,15.0,,2018-09-25
ORD33190,15668,San Diego,HUB-WEST,1.0,1.0,,2018-09-25
ORD33343,37757,Denver,HUB-WEST,198.0,198.0,,2018-09-25
ORD33392,23477,Jacksonville,HUB-EAST,9.0,9.0,,2018-09-26
ORD33426,10223,Jacksonville,HUB-EAST,9.0,12.0,,2018-09-26
ORD33448,24723,Columbus,HUB-MID,21.0,21.0,,2018-09-26
ORD33465,40035,Columbus,HUB-MID,1.0,1.0,,2018-09-26
ORD33479,36646,San Francisco,HUB-WEST,1.0,1.0,,2018-09-26
ORD33542,12560,Jacksonville,HUB-EAST,16.0,16.0,,2018-09-26
ORD33544,24480,San Diego,HUB-WEST,55.0,63.0,,2018-09-26
ORD33548,24483,San Diego,HUB-WEST,16.0,16.0,,2018-09-26
ORD33584,24481,New York,HUB-EAST,16.0,16.0,,2018-09-26
ORD33590,19815,Seattle,HUB-WEST,16.0,16.0,,2018-09-26
ORD33658,22215,Columbus,HUB-MID,4.0,4.0,,2018-09-26
ORD33667,37544,San Francisco,HUB-WEST,75.0,81.0,,2018-09-26
ORD33673,23984,Austin,HUB-SOUTH,106.0,106.0,,2018-09-26
ORD33696,22353,Indianapolis,HUB-MID,15.0,15.0,,2018-09-27
ORD33698,16883,San Diego,HUB-WEST,15.0,15.0,,2018-09-27
ORD33699,22475,Dallas,HUB-SOUTH,15.0,15.0,,2018-09-27
ORD33700,22474,New York,HUB-EAST,15.0,15.0,,2018-09-27
ORD33701,22476,Indianapolis,HUB-MID,15.0,15.0,,2018-09-27
ORD33702,22477,Fort Worth,HUB-SOUTH,15.0,15.0,,2018-09-27
ORD33754,20891,Phoenix,HUB-WEST,908.0,3411.0,,2018-09-27
ORD33774,37546,New York,HUB-EAST,5.0,5.0,,2018-09-27
ORD33808,37548,Nashville,HUB-EAST,3.0,3.0,,2018-09-28
ORD33836,2399,Austin,HUB-SOUTH,6.0,6.0,,2018-09-28
ORD33854,22350,Charlotte,HUB-EAST,15.0,15.0,,2018-09-28
ORD33855,22352,Philadelphia,HUB-EAST,15.0,15.0,,2018-09-28
ORD33856,22347,Denver,HUB-WEST,15.0,15.0,,2018-09-28
ORD33857,22472,Chicago,HUB-MID,15.0,15.0,,2018-09-28
ORD33892,35136,Fort Worth,HUB-SOUTH,1.0,1.0,,2018-09-28
ORD33901,28420,Seattle,HUB-WEST,28.0,36.0,,2018-09-28
ORD33974,38335,Nashville,HUB-EAST,10.0,10.0,,2018-09-28
ORD34012,36404,Denver,HUB-WEST,1.0,1.0,,2018-09-28
ORD34038,18711,Austin,HUB-SOUTH,84.0,225.0,,2018-09-28
ORD34100,19590,Los Angeles,HUB-WEST,1.0,6.0,,2018-09-29
ORD34104,3593,Indianapolis,HUB-MID,6.0,6.0,,2018-09-29
ORD34136,13635,Columbus,HUB-MID,11.0,18.0,,2018-09-29
ORD34139,10596,Houston,HUB-SOUTH,3.0,18.0,,2018-09-29
ORD34161,7245,Indianapolis,HUB-MID,203.0,486.0,,2018-09-29
ORD34259,17607,Los Angeles,HUB-WEST,1.0,1.0,,2018-09-29
ORD34269,20300,Philadelphia,HUB-EAST,1.0,1.0,,2018-09-29
ORD34295,18068,San Diego,HUB-WEST,171.0,171.0,,2018-09-29
ORD34303,21110,Los Angeles,HUB-WEST,1000.0,1000.0,900.0,2018-10-01
ORD34328,40269,Indianapolis,HUB-MID,3.0,3.0,,2018-10-02
ORD34353,6505,Fort Worth,HUB-SOUTH,11.0,18.0,,2018-10-02
ORD34418,734,San Francisco,HUB-WEST,10.0,10.0,,2018-10-02
ORD34428,36627,Austin,HUB-SOUTH,10.0,10.0,,2018-10-02
ORD34429,22351,Phoenix,HUB-WEST,1500.0,1500.0,,2018-10-02
ORD34452,22106,Dallas,HUB-SOUTH,16.0,16.0,,2018-10-02
ORD34466,1738,Columbus,HUB-MID,107.0,107.0,,2018-10-02
ORD34477,26693,San Antonio,HUB-SOUTH,7.0,7.0,,2018-10-02
ORD34483,21471,Fort Worth,HUB-SOUTH,1.0,1.0,,2018-10-02
ORD34550,4141,San Jose,HUB-WEST,15.0,15.0,,2018-10-03
ORD34551,4142,Fort Worth,HUB-SOUTH,15.0,15.0,,2018-10-03
ORD34552,43030,Jacksonville,HUB-EAST,15.0,15.0,,2018-10-03
ORD34673,38422,Denver,HUB-WEST,10.0,10.0,,2018-10-03
ORD34706,18756,Phoenix,HUB-WEST,420.0,420.0,,2018-10-03
ORD34710,15228,Columbus,HUB-MID,18.0,36.0,,2018-10-03
ORD34741,24027,San Jose,HUB-WEST,2.0,3.0,,2018-10-04
ORD34776,7245,Los Angeles,HUB-WEST,522.0,522.0,,2018-10-04
ORD34782,5731,San Jose,HUB-WEST,430.0,2610.0,,2018-10-04
ORD34793,24410,New York,HUB-EAST,27.0,42.0,,2018-10-04
ORD34800,37625,Phoenix,HUB-WEST,1.0,1.0,,2018-10-04
ORD34818,23838,Denver,HUB-WEST,49.0,57.0,,2018-10-04
ORD34825,29053,New York,HUB-EAST,1.0,1.0,,2018-10-04
ORD34860,40279,San Jose,HUB-WEST,30.0,30.0,,2018-10-04
ORD34864,21962,Seattle,HUB-WEST,30.0,30.0,,2018-10-04
ORD34865,9599,Houston,HUB-SOUTH,30.0,30.0,,2018-10-04
ORD34873,9601,San Jose,HUB-WEST,30.0,30.0,,2018-10-04
ORD34874,9603,San Diego,HUB-WEST,30.0,30.0,,2018-10-04
ORD34875,35952,Dallas,HUB-SOUTH,30.0,30.0,,2018-10-04
ORD34901,12209,San Antonio,HUB-SOUTH,2.0,3.0,,2018-10-05
ORD35002,38089,Columbus,HUB-MID,1.0,1.0,,2018-10-05
ORD35134,38277,Los Angeles,HUB-WEST,1.0,1.0,,2018-10-05
ORD35142,37163,Chicago,HUB-MID,3.0,3.0,,2018-10-08
ORD35150,3287,New York,HUB-EAST,15.0,15.0,,2018-10-08
ORD35151,3290,Austin,HUB-SOUTH,15.0,15.0,,2018-10-08
ORD35152,3286,San Francisco,HUB-WEST,15.0,15.0,,2018-10-08
ORD35177,7116,Jacksonville,HUB-EAST,109.0,147.0,,2018-10-08
ORD35238,37586,Los Angeles,HUB-WEST,4.0,6.0,,2018-10-09
ORD35420,1988,Houston,HUB-SOUTH,60.0,60.0,,2018-10-09
ORD35524,23975,San Diego,HUB-WEST,4.0,18.0,,2018-10-10
ORD35545,14195,Columbus,HUB-MID,400.0,400.0,360.0,2018-10-10
ORD35589,22346,Columbus,HUB-MID,103.0,103.0,,2018-10-10
ORD35639,23674,San Diego,HUB-WEST,3.0,3.0,,2018-10-11
ORD35645,13681,Dallas,HUB-SOUTH,3.0,3.0,,2018-10-11
ORD35684,22353,Austin,HUB-SOUTH,4.0,9.0,,2018-10-11
ORD35687,22474,Austin,HUB-SOUTH,4.0,9.0,,2018-10-11
ORD35690,22476,Columbus,HUB-MID,4.0,9.0,,2018-10-11
ORD35691,26576,San Diego,HUB-WEST,15.0,15.0,,2018-10-11
ORD35718,32624,Seattle,HUB-WEST,18.0,18.0,,2018-10-11
ORD35756,6283,San Jose,HUB-WEST,10.0,10.0,,2018-10-11
ORD35768,37014,Columbus,HUB-MID,56.0,243.0,,2018-10-11
ORD35804,20712,San Diego,HUB-WEST,92.0,102.0,,2018-10-11
ORD35855,7476,Denver,HUB-WEST,69.0,69.0,,2018-10-11
ORD35865,24963,Los Angeles,HUB-WEST,12.0,60.0,,2018-10-11
ORD35910,18711,Los Angeles,HUB-WEST,689.0,689.0,,2018-10-11
ORD35972,32200,San Antonio,HUB-SOUTH,4.0,9.0,,2018-10-15
ORD35973,19815,New York,HUB-EAST,4.0,9.0,,2018-10-15
ORD35974,24481,Seattle,HUB-WEST,4.0,9.0,,2018-10-15
ORD35980,21814,Seattle,HUB-WEST,15.0,15.0,,2018-10-15
ORD36089,21213,Seattle,HUB-WEST,3.0,3.0,,2018-10-16
ORD36090,32194,San Jose,HUB-WEST,3.0,3.0,,2018-10-16
ORD36092,17923,San Jose,HUB-WEST,3.0,3.0,,2018-10-16
ORD36116,5012,Jacksonville,HUB-EAST,4.0,9.0,,2018-10-16
ORD36133,38332,Houston,HUB-SOUTH,3.0,21.0,,2018-10-16
ORD36151,3136,San Francisco,HUB-WEST,18.0,24.0,6.0,2018-10-16
ORD36292,8550,Philadelphia,HUB-EAST,228.0,252.0,,2018-10-16
ORD36547,38919,San Diego,HUB-WEST,4.0,18.0,,2018-10-18
ORD36669,13307,Philadelphia,HUB-EAST,1.0,1.0,,2018-10-18
ORD36673,9602,San Antonio,HUB-SOUTH,40.0,40.0,,2018-10-18
ORD36696,5180,Fort Worth,HUB-SOUTH,1.0,1.0,,2018-10-18
ORD36724,30823,San Francisco,HUB-WEST,7.0,9.0,,2018-10-19
ORD36799,3882,Dallas,HUB-SOUTH,183.0,342.0,,2018-10-19
ORD36844,22353,San Antonio,HUB-SOUTH,161.0,161.0,,2018-10-19
ORD36935,23984,Los Angeles,HUB-WEST,95.0,95.0,,2018-10-19
ORD37007,18087,Chicago,HUB-MID,5.0,5.0,,2018-10-22
ORD37014,15051,Philadelphia,HUB-EAST,5.0,5.0,,2018-10-22
ORD37016,5715,Indianapolis,HUB-MID,5.0,5.0,,2018-10-22
ORD37023,174,Austin,HUB-SOUTH,1.0,1.0,,2018-10-22
ORD37046,34922,Charlotte,HUB-EAST,75.0,216.0,,2018-10-22
ORD37119,22106,Indianapolis,HUB-MID,4.0,9.0,,2018-10-23
ORD37125,29144,San Antonio,HUB-SOUTH,10.0,15.0,,2018-10-23
ORD37153,38298,Fort Worth,HUB-SOUTH,43.0,246.0,,2018-10-23
ORD37179,24485,New York,HUB-EAST,4.0,4.0,,2018-10-23
ORD37217,34186,Nashville,HUB-EAST,10.0,10.0,,2018-10-23
ORD37239,37212,San Francisco,HUB-WEST,5.0,5.0,,2018-10-23
ORD37313,8335,San Francisco,HUB-WEST,9.0,9.0,,2018-10-24
ORD37419,22803,Indianapolis,HUB-MID,7.0,7.0,,2018-10-24
ORD37430,18851,Dallas,HUB-SOUTH,2.0,2.0,,2018-10-24
ORD37442,20109,San Diego,HUB-WEST,5.0,5.0,,2018-10-24
ORD37500,29281,San Francisco,HUB-WEST,7.0,7.0,,2018-10-24
ORD37574,21110,Fort Worth,HUB-SOUTH,360.0,360.0,,2018-10-25
ORD37578,21110,Austin,HUB-SOUTH,180.0,180.0,,2018-10-25
ORD37602,23838,Austin,HUB-SOUTH,5.0,5.0,,2018-10-25
ORD37603,23838,Los Angeles,HUB-WEST,2.0,2.0,,2018-10-25
ORD37607,22010,San Diego,HUB-WEST,7.0,7.0,,2018-10-25
ORD37647,4301,Austin,HUB-SOUTH,5.0,5.0,,2018-10-25
ORD37754,16844,Phoenix,HUB-WEST,8.0,12.0,,2018-10-26
ORD37756,34939,New York,HUB-EAST,12.0,12.0,,2018-10-26
ORD37830,24726,San Antonio,HUB-SOUTH,2.0,2.0,,2018-10-26
ORD37871,38074,Columbus,HUB-MID,10.0,10.0,,2018-10-26
ORD37879,30640,Nashville,HUB-EAST,5.0,5.0,,2018-10-26
ORD37889,1450,San Diego,HUB-WEST,7.0,7.0,,2018-10-26
ORD37895,1400,Phoenix,HUB-WEST,5.0,5.0,,2018-10-26
ORD37907,21971,New York,HUB-EAST,7.0,7.0,,2018-10-26
ORD37937,17732,Austin,HUB-SOUTH,22.0,22.0,,2018-10-26
ORD37947,23915,Chicago,HUB-MID,109.0,109.0,,2018-10-26
ORD37949,23915,Fort Worth,HUB-SOUTH,109.0,109.0,,2018-10-26
ORD37977,11349,Austin,HUB-SOUTH,5.0,5.0,,2018-10-26
ORD37998,36348,Dallas,HUB-SOUTH,5.0,6.0,,2018-10-29
ORD38019,5907,Columbus,HUB-MID,15.0,21.0,,2018-10-29
ORD38046,37350,Jacksonville,HUB-EAST,609.0,609.0,,2018-10-29
ORD38057,37297,New York,HUB-EAST,5.0,5.0,,2018-10-29
ORD38070,1738,San Francisco,HUB-WEST,769.0,1521.0,,2018-10-29
ORD38094,23984,New York,HUB-EAST,132.0,132.0,,2018-10-29
ORD38173,37864,Jacksonville,HUB-EAST,16.0,24.0,,2018-10-30
ORD38212,18389,Dallas,HUB-SOUTH,5.0,5.0,,2018-10-30
ORD38214,18389,Seattle,HUB-WEST,1.0,1.0,,2018-10-30
ORD38276,23094,Fort Worth,HUB-SOUTH,34.0,96.0,,2018-10-30
ORD38288,3693,Nashville,HUB-EAST,4.0,4.0,,2018-10-30
ORD38345,17691,Philadelphia,HUB-EAST,53.0,267.0,,2018-10-30
ORD38346,19796,Columbus,HUB-MID,1728.0,3933.0,,2018-10-30
ORD38418,42074,Austin,HUB-SOUTH,6.0,6.0,,2018-10-31
ORD38427,13767,San Jose,HUB-WEST,5.0,9.0,,2018-10-31
ORD38463,9864,Indianapolis,HUB-MID,13.0,21.0,,2018-10-31
ORD38520,2661,Austin,HUB-SOUTH,20.0,20.0,,2018-10-31
ORD38521,17307,Austin,HUB-SOUTH,10.0,10.0,,2018-10-31
ORD38543,42080,Los Angeles,HUB-WEST,77.0,77.0,,2018-10-31
ORD38566,23974,New York,HUB-EAST,5.0,5.0,,2018-10-31
ORD38591,22010,Philadelphia,HUB-EAST,32.0,32.0,,2018-10-31
ORD38676,32986,Chicago,HUB-MID,7.0,9.0,,2018-11-01
ORD38720,24226,Columbus,HUB-MID,20.0,20.0,,2018-11-01
ORD38722,36446,Charlotte,HUB-EAST,10.0,10.0,,2018-11-01
ORD38732,1989,Chicago,HUB-MID,1116.0,3960.0,,2018-11-01
ORD38827,19906,Austin,HUB-SOUTH,36.0,36.0,,2018-11-01
ORD38933,10816,Phoenix,HUB-WEST,21.0,51.0,,2018-11-05
ORD38970,42074,Indianapolis,HUB-MID,6.0,6.0,,2018-11-06
ORD38997,34568,Phoenix,HUB-WEST,18.0,18.0,,2018-11-06
ORD39028,1564,Indianapolis,HUB-MID,14.0,14.0,,2018-11-06
ORD39073,37365,Indianapolis,HUB-MID,109.0,109.0,,2018-11-06
ORD39100,42646,Seattle,HUB-WEST,4.0,4.0,,2018-11-06
ORD39111,34186,Phoenix,HUB-WEST,20.0,20.0,,2018-11-06
ORD39113,34186,New York,HUB-EAST,39.0,39.0,,2018-11-06
ORD39117,28095,San Francisco,HUB-WEST,39.0,39.0,,2018-11-06
ORD39138,1445,Jacksonville,HUB-EAST,11.0,11.0,,2018-11-06
ORD39244,33354,Columbus,HUB-MID,9.0,9.0,,2018-11-07
ORD39288,21814,San Diego,HUB-WEST,10.0,10.0,,2018-11-07
ORD39305,7486,Jacksonville,HUB-EAST,5.0,5.0,,2018-11-07
ORD39342,19461,Nashville,HUB-EAST,5.0,5.0,,2018-11-07
ORD39346,23583,Nashville,HUB-EAST,1.0,1.0,,2018-11-07
ORD39376,21586,San Francisco,HUB-WEST,327.0,327.0,,2018-11-07
ORD39394,1284,San Francisco,HUB-WEST,23.0,57.0,,2018-11-07
ORD39439,38422,San Antonio,HUB-SOUTH,7.0,7.0,,2018-11-07
ORD39455,5888,San Antonio,HUB-SOUTH,5.0,5.0,,2018-11-07
ORD39498,23674,Seattle,HUB-WEST,9.0,9.0,,2018-11-08
ORD39512,12566,Philadelphia,HUB-EAST,3.0,21.0,,2018-11-08
ORD39551,42991,Houston,HUB-SOUTH,744.0,3489.0,,2018-11-08
ORD39568,24120,Dallas,HUB-SOUTH,20.0,20.0,,2018-11-08
ORD39586,37674,Nashville,HUB-EAST,1.0,1.0,,2018-11-08
ORD39641,17771,Denver,HUB-WEST,3.0,3.0,,2018-11-09
ORD39674,8407,Philadelphia,HUB-EAST,8.0,9.0,,2018-11-09
ORD39686,35401,New York,HUB-EAST,7.0,15.0,,2018-11-09
ORD39698,33208,Jacksonville,HUB-EAST,12.0,12.0,,2018-11-09
ORD39744,1450,Houston,HUB-SOUTH,59.0,78.0,,2018-11-09
ORD39747,23205,Phoenix,HUB-WEST,5.0,5.0,,2018-11-09
ORD39792,39439,Chicago,HUB-MID,8.0,8.0,,2018-11-09
ORD39822,1805,Nashville,HUB-EAST,22.0,33.0,,2018-11-09
ORD39829,20382,Phoenix,HUB-WEST,53.0,60.0,48.0,2018-11-09
ORD39842,7462,New York,HUB-EAST,204.0,540.0,,2018-11-09
ORD40006,36899,New York,HUB-EAST,339.0,339.0,,2018-11-12
ORD40020,22472,Dallas,HUB-SOUTH,1.0,1.0,,2018-11-12
ORD40022,22347,Austin,HUB-SOUTH,45.0,114.0,,2018-11-12
ORD40023,22472,Seattle,HUB-WEST,45.0,114.0,,2018-11-12
ORD40025,22347,San Diego,HUB-WEST,1.0,1.0,,2018-11-12
ORD40039,22353,Fort Worth,HUB-SOUTH,1.0,1.0,,2018-11-12
ORD40040,22353,Denver,HUB-WEST,45.0,114.0,,2018-11-12
ORD40078,22474,Houston,HUB-SOUTH,45.0,114.0,,2018-11-12
ORD40080,22476,New York,HUB-EAST,45.0,114.0,,2018-11-12
ORD40082,22475,San Antonio,HUB-SOUTH,45.0,114.0,,2018-11-12
ORD40086,22474,Nashville,HUB-EAST,1.0,1.0,,2018-11-12
ORD40087,22475,Chicago,HUB-MID,1.0,1.0,,2018-11-12
ORD40088,22476,Indianapolis,HUB-MID,1.0,1.0,,2018-11-12
ORD40110,22661,San Diego,HUB-WEST,3.0,3.0,,2018-11-13
ORD40128,33907,Columbus,HUB-MID,6.0,6.0,,2018-11-13
ORD40140,33907,Indianapolis,HUB-MID,9.0,9.0,,2018-11-13
ORD40141,24720,Phoenix,HUB-WEST,5.0,9.0,,2018-11-13
ORD40157,7476,New York,HUB-EAST,12.0,12.0,,2018-11-13
ORD40185,18711,San Jose,HUB-WEST,14.0,27.0,,2018-11-13
ORD40223,8912,San Diego,HUB-WEST,406.0,406.0,,2018-11-13
ORD40252,3063,Los Angeles,HUB-WEST,30.0,30.0,,2018-11-13
ORD40267,3238,Philadelphia,HUB-EAST,2.0,2.0,,2018-11-13
ORD40273,27021,New York,HUB-EAST,30.0,30.0,,2018-11-13
ORD40302,22350,Phoenix,HUB-WEST,1.0,1.0,,2018-11-13
ORD40304,22350,Philadelphia,HUB-EAST,30.0,75.0,,2018-11-13
ORD40343,40612,Nashville,HUB-EAST,19.0,39.0,,2018-11-13
ORD40382,24042,Indianapolis,HUB-MID,7.0,7.0,,2018-11-13
ORD40387,6317,Jacksonville,HUB-EAST,13.0,69.0,,2018-11-13
ORD40399,33907,Charlotte,HUB-EAST,1.0,1.0,,2018-11-13
ORD40428,22477,Chicago,HUB-MID,45.0,114.0,,2018-11-13
ORD40443,22477,Indianapolis,HUB-MID,1.0,1.0,,2018-11-13
ORD40503,15844,Denver,HUB-WEST,3.0,12.0,,2018-11-14
ORD40505,22983,San Antonio,HUB-SOUTH,10.0,12.0,,2018-11-14
ORD40583,22803,Fort Worth,HUB-SOUTH,5.0,5.0,,2018-11-14
ORD40595,35296,Denver,HUB-WEST,543.0,873.0,,2018-11-14
ORD40600,12709,San Antonio,HUB-SOUTH,2.0,2.0,,2018-11-14
ORD40611,29480,Jacksonville,HUB-EAST,2.0,2.0,,2018-11-14
ORD40614,28398,Nashville,HUB-EAST,2.0,2.0,,2018-11-14
ORD40618,31021,Fort Worth,HUB-SOUTH,2.0,2.0,,2018-11-14
ORD40621,1795,New York,HUB-EAST,2.0,2.0,,2018-11-14
ORD40623,19108,Philadelphia,HUB-EAST,5.0,5.0,,2018-11-14
ORD40632,25588,Denver,HUB-WEST,2.0,2.0,,2018-11-14
ORD40747,9139,San Jose,HUB-WEST,9.0,9.0,,2018-11-16
ORD40790,33135,Fort Worth,HUB-SOUTH,23.0,24.0,,2018-11-16
ORD40794,17370,Phoenix,HUB-WEST,7.0,24.0,,2018-11-16
ORD40889,32200,Phoenix,HUB-WEST,2.0,2.0,,2018-11-16
ORD40903,19815,San Jose,HUB-WEST,2.0,2.0,,2018-11-16
ORD40912,8922,Seattle,HUB-WEST,1.0,1.0,,2018-11-16
ORD40921,23751,Indianapolis,HUB-MID,1.0,1.0,,2018-11-16
ORD40939,12560,Los Angeles,HUB-WEST,2.0,2.0,,2018-11-16
ORD40942,24483,New York,HUB-EAST,2.0,2.0,,2018-11-16
ORD40966,19816,Seattle,HUB-WEST,1.0,1.0,,2018-11-16
ORD40967,19817,San Diego,HUB-WEST,1.0,1.0,,2018-11-16
ORD41030,24726,San Jose,HUB-WEST,1.0,1.0,,2018-11-16
ORD41037,18711,Nashville,HUB-EAST,1.0,1.0,,2018-11-16
ORD41116,37754,Columbus,HUB-MID,7.0,7.0,,2018-11-19
ORD41151,24481,New York,HUB-EAST,2.0,2.0,,2018-11-19
ORD41211,23984,Fort Worth,HUB-SOUTH,70.0,70.0,,2018-11-19
ORD41289,8167,Indianapolis,HUB-MID,4.0,12.0,,2018-11-20
ORD41360,32468,Seattle,HUB-WEST,1090.0,1090.0,,2018-11-20
ORD41440,37015,Jacksonville,HUB-EAST,1.0,1.0,,2018-11-20
ORD41451,18712,Fort Worth,HUB-SOUTH,63.0,222.0,,2018-11-20
ORD41454,18711,Indianapolis,HUB-MID,99.0,348.0,,2018-11-20
ORD41508,22420,Seattle,HUB-WEST,3.0,3.0,,2018-11-21
ORD41558,29480,Columbus,HUB-MID,12.0,12.0,,2018-11-21
ORD41598,10105,Philadelphia,HUB-EAST,45.0,114.0,,2018-11-21
ORD41607,5112,Charlotte,HUB-EAST,8.0,8.0,,2018-11-21
ORD41628,32551,Los Angeles,HUB-WEST,45.0,114.0,,2018-11-21
ORD41640,35476,Dallas,HUB-SOUTH,45.0,114.0,,2018-11-21
ORD41643,15746,Chicago,HUB-MID,1.0,1.0,,2018-11-21
ORD41668,10101,Fort Worth,HUB-SOUTH,45.0,114.0,,2018-11-21
ORD41682,10100,Charlotte,HUB-EAST,45.0,114.0,,2018-11-21
ORD41722,18851,Dallas,HUB-SOUTH,66.0,66.0,,2018-11-21
ORD41732,760,Denver,HUB-WEST,7.0,7.0,,2018-11-21
ORD41737,262,Philadelphia,HUB-EAST,109.0,109.0,,2018-11-21
ORD41748,22420,New York,HUB-EAST,10.0,10.0,,2018-11-21
ORD41791,1738,Fort Worth,HUB-SOUTH,1.0,1.0,,2018-11-21
ORD41792,1738,San Diego,HUB-WEST,1.0,1.0,,2018-11-21
ORD41795,24728,Fort Worth,HUB-SOUTH,433.0,1107.0,,2018-11-21
ORD41810,12834,Dallas,HUB-SOUTH,45.0,114.0,,2018-11-21
ORD41819,8549,Columbus,HUB-MID,1.0,1.0,,2018-11-21
ORD41830,9603,Chicago,HUB-MID,6.0,6.0,,2018-11-22
ORD41846,41098,Austin,HUB-SOUTH,7.0,15.0,,2018-11-22
ORD41893,11745,Austin,HUB-SOUTH,7.0,7.0,,2018-11-22
ORD41919,10102,Seattle,HUB-WEST,45.0,114.0,,2018-11-22
ORD41923,10103,Philadelphia,HUB-EAST,189.0,189.0,,2018-11-22
ORD41924,10103,Philadelphia,HUB-EAST,45.0,114.0,,2018-11-22
ORD41940,10106,San Jose,HUB-WEST,45.0,114.0,,2018-11-22
ORD41942,32343,Chicago,HUB-MID,10.0,10.0,,2018-11-22
ORD41950,10108,Jacksonville,HUB-EAST,45.0,114.0,,2018-11-22
ORD41955,28969,Fort Worth,HUB-SOUTH,45.0,114.0,,2018-11-22
ORD41999,9601,Philadelphia,HUB-EAST,10.0,10.0,,2018-11-22
ORD42001,35952,San Diego,HUB-WEST,2.0,2.0,,2018-11-22
ORD42004,40281,Seattle,HUB-WEST,1.0,1.0,,2018-11-22
ORD42028,1634,Austin,HUB-SOUTH,4.0,6.0,,2018-11-23
ORD42056,8549,Phoenix,HUB-WEST,6.0,9.0,,2018-11-23
ORD42057,37544,Indianapolis,HUB-MID,6.0,9.0,,2018-11-23
ORD42058,8551,Columbus,HUB-MID,6.0,9.0,,2018-11-23
ORD42122,23182,Denver,HUB-WEST,156.0,243.0,,2018-11-23
ORD42127,4719,Jacksonville,HUB-EAST,5.0,5.0,,2018-11-23
ORD42131,42266,Charlotte,HUB-EAST,5.0,5.0,,2018-11-23
ORD42147,19345,San Francisco,HUB-WEST,28.0,28.0,,2018-11-23
ORD42152,22472,Columbus,HUB-MID,20.0,20.0,,2018-11-23
ORD42153,22472,San Diego,HUB-WEST,1.0,1.0,,2018-11-23
ORD42154,22347,Austin,HUB-SOUTH,20.0,20.0,,2018-11-23
ORD42160,22352,Denver,HUB-WEST,20.0,20.0,,2018-11-23
ORD42161,22352,Dallas,HUB-SOUTH,1.0,1.0,,2018-11-23
ORD42164,37014,San Jose,HUB-WEST,56.0,243.0,,2018-11-23
ORD42184,36708,New York,HUB-EAST,5.0,5.0,,2018-11-23
ORD42193,9033,Nashville,HUB-EAST,1.0,1.0,,2018-11-23
ORD42222,1989,Columbus,HUB-MID,1116.0,3960.0,,2018-11-23
ORD42236,8354,Denver,HUB-WEST,7.0,7.0,,2018-11-23
ORD42269,43538,Indianapolis,HUB-MID,2.0,2.0,,2018-11-23
ORD42277,18634,Chicago,HUB-MID,5.0,5.0,,2018-11-23
ORD42336,38898,San Francisco,HUB-WEST,50.0,50.0,,2018-11-23
ORD42339,8550,Austin,HUB-SOUTH,1.0,1.0,,2018-11-23
ORD42349,3589,New York,HUB-EAST,9.0,9.0,,2018-11-26
ORD42359,43032,San Francisco,HUB-WEST,18.0,18.0,,2018-11-26
ORD42435,39930,Indianapolis,HUB-MID,7.0,7.0,,2018-11-26
ORD42451,22475,Los Angeles,HUB-WEST,1.0,1.0,,2018-11-26
ORD42452,22474,Dallas,HUB-SOUTH,1.0,1.0,,2018-11-26
ORD42453,22476,Austin,HUB-SOUTH,1.0,1.0,,2018-11-26
ORD42454,22477,Philadelphia,HUB-EAST,1.0,1.0,,2018-11-26
ORD42459,23984,San Antonio,HUB-SOUTH,311.0,311.0,,2018-11-26
ORD42512,28288,Columbus,HUB-MID,10.0,15.0,,2018-11-27
ORD42567,21110,Chicago,HUB-MID,360.0,360.0,,2018-11-27
ORD42601,4036,Los Angeles,HUB-WEST,2.0,2.0,,2018-11-27
ORD42712,42646,Dallas,HUB-SOUTH,22.0,22.0,,2018-11-27
ORD42726,22353,Phoenix,HUB-WEST,1.0,1.0,,2018-11-27
ORD42727,22353,Fort Worth,HUB-SOUTH,20.0,20.0,,2018-11-27
ORD42759,6317,Denver,HUB-WEST,13.0,69.0,,2018-11-27
ORD42893,22350,Houston,HUB-SOUTH,21.0,21.0,,2018-11-28
ORD42931,8335,Houston,HUB-SOUTH,22.0,22.0,,2018-11-28
ORD42973,10101,Charlotte,HUB-EAST,43.0,246.0,,2018-11-28
ORD42978,19791,San Jose,HUB-WEST,545.0,545.0,,2018-11-28
ORD43021,9292,Nashville,HUB-EAST,1.0,1.0,,2018-11-28
ORD43089,8063,Houston,HUB-SOUTH,10.0,10.0,,2018-11-28
ORD43093,24928,Denver,HUB-WEST,8.0,8.0,,2018-11-28
ORD43118,146,San Francisco,HUB-WEST,16.0,16.0,,2018-11-28
ORD43157,39183,Fort Worth,HUB-SOUTH,13.0,15.0,,2018-11-29
ORD43168,22476,Philadelphia,HUB-EAST,9.0,12.0,,2018-11-29
ORD43172,38280,Dallas,HUB-SOUTH,3.0,18.0,,2018-11-29
ORD43187,19384,Austin,HUB-SOUTH,36.0,36.0,,2018-11-29
ORD43277,40933,Seattle,HUB-WEST,2.0,2.0,,2018-11-29
ORD43300,33087,Jacksonville,HUB-EAST,12.0,51.0,,2018-11-29
ORD43364,21359,Phoenix,HUB-WEST,9.0,9.0,,2018-11-30
ORD43435,22788,Dallas,HUB-SOUTH,27.0,27.0,,2018-11-30
ORD43474,43109,Fort Worth,HUB-SOUTH,7.0,7.0,,2018-11-30
ORD43562,20382,New York,HUB-EAST,203.0,486.0,,2018-11-30
ORD43595,18851,Charlotte,HUB-EAST,4.0,4.0,,2018-11-30
ORD43762,36671,Nashville,HUB-EAST,1.0,1.0,,2018-11-30
ORD43821,19999,Fort Worth,HUB-SOUTH,2620.0,2620.0,,2018-12-03
ORD43860,33887,Jacksonville,HUB-EAST,10.0,10.0,,2018-12-03
ORD43866,19796,Dallas,HUB-SOUTH,127.0,270.0,,2018-12-03
ORD43871,42396,San Francisco,HUB-WEST,110.0,110.0,,2018-12-03
ORD43890,14140,Charlotte,HUB-EAST,3.0,3.0,,2018-12-04
ORD43967,3693,Indianapolis,HUB-MID,17.0,17.0,,2018-12-04
ORD43976,7476,Houston,HUB-SOUTH,1.0,1.0,,2018-12-04
ORD43982,12734,Jacksonville,HUB-EAST,7.0,7.0,,2018-12-04
ORD44001,10865,San Jose,HUB-WEST,2.0,2.0,,2018-12-04
ORD44008,1546,Philadelphia,HUB-EAST,2.0,2.0,,2018-12-04
ORD44023,4160,San Jose,HUB-WEST,5.0,5.0,,2018-12-04
ORD44044,25699,Chicago,HUB-MID,297.0,675.0,,2018-12-04
ORD44074,7548,Philadelphia,HUB-EAST,3.0,3.0,,2018-12-05
ORD44080,28841,Seattle,HUB-WEST,3.0,3.0,,2018-12-05
ORD44099,22472,Denver,HUB-WEST,9.0,9.0,,2018-12-05
ORD44111,13840,Chicago,HUB-MID,8.0,15.0,,2018-12-05
ORD44179,10810,San Francisco,HUB-WEST,7.0,7.0,,2018-12-05
ORD44230,7987,San Diego,HUB-WEST,5.0,5.0,,2018-12-05
ORD44290,25233,Fort Worth,HUB-SOUTH,1.0,1.0,,2018-12-05
ORD44329,14229,Philadelphia,HUB-EAST,6.0,6.0,,2018-12-06
ORD44332,20666,Philadelphia,HUB-EAST,3.0,6.0,,2018-12-06
ORD44459,38434,Denver,HUB-WEST,27.0,48.0,,2018-12-06
ORD44503,23984,San Francisco,HUB-WEST,290.0,290.0,,2018-12-06
ORD44513,11522,Fort Worth,HUB-SOUTH,3.0,3.0,,2018-12-07
ORD44522,23768,Denver,HUB-WEST,3.0,3.0,,2018-12-07
ORD44524,20894,Denver,HUB-WEST,2.0,3.0,,2018-12-07
ORD44612,20382,Jacksonville,HUB-EAST,56.0,81.0,,2018-12-07
ORD44616,7459,Denver,HUB-WEST,5.0,5.0,,2018-12-07
ORD44704,9620,Jacksonville,HUB-EAST,153.0,153.0,,2018-12-07
ORD44720,20177,Charlotte,HUB-EAST,5.0,5.0,,2018-12-07
ORD44859,19999,San Francisco,HUB-WEST,2120.0,11301.0,1850.0,2018-12-10
ORD44864,1450,Philadelphia,HUB-EAST,8.0,8.0,,2018-12-10
ORD44879,37347,Dallas,HUB-SOUTH,7.0,7.0,,2018-12-10
ORD44894,19549,Seattle,HUB-WEST,2.0,2.0,,2018-12-10
ORD44911,18003,Seattle,HUB-WEST,5.0,5.0,,2018-12-10
ORD44913,10460,Los Angeles,HUB-WEST,5.0,5.0,,2018-12-10
ORD44914,22403,Seattle,HUB-WEST,2.0,2.0,,2018-12-10
ORD44976,37533,Jacksonville,HUB-EAST,2.0,2.0,,2018-12-10
ORD45028,23336,Columbus,HUB-MID,3.0,3.0,,2018-12-11
ORD45082,1987,Houston,HUB-SOUTH,14.0,24.0,,2018-12-11
ORD45103,3693,Fort Worth,HUB-SOUTH,1.0,1.0,,2018-12-11
ORD45110,1987,Seattle,HUB-WEST,84.0,369.0,,2018-12-11
ORD45174,18612,Nashville,HUB-EAST,13.0,72.0,,2018-12-11
ORD45232,33887,New York,HUB-EAST,2.0,2.0,,2018-12-11
ORD45244,18711,Charlotte,HUB-EAST,53.0,267.0,,2018-12-11
ORD45257,6317,Dallas,HUB-SOUTH,26.0,138.0,,2018-12-11
ORD45267,40041,San Antonio,HUB-SOUTH,22.0,22.0,,2018-12-11
ORD45347,24485,Charlotte,HUB-EAST,18.0,18.0,,2018-12-12
ORD45373,1238,San Jose,HUB-WEST,27.0,27.0,,2018-12-12
ORD45481,3945,Austin,HUB-SOUTH,39.0,69.0,,2018-12-12
ORD45498,20940,Denver,HUB-WEST,4300.0,4300.0,,2018-12-12
ORD45606,24728,Denver,HUB-WEST,159.0,798.0,,2018-12-12
ORD45642,30643,Houston,HUB-SOUTH,3.0,3.0,,2018-12-13
ORD45647,11445,Nashville,HUB-EAST,3.0,3.0,,2018-12-13
ORD45789,37885,Dallas,HUB-SOUTH,30.0,30.0,,2018-12-13
ORD45857,40421,San Diego,HUB-WEST,3.0,3.0,,2018-12-14
ORD46126,24728,Denver,HUB-WEST,420.0,420.0,,2018-12-14
ORD46129,6405,Houston,HUB-SOUTH,77.0,81.0,,2018-12-14
ORD46187,17104,San Diego,HUB-WEST,7.0,9.0,,2018-12-17
ORD46207,20829,Indianapolis,HUB-MID,8.0,21.0,,2018-12-17
ORD46218,762,Denver,HUB-WEST,442.0,442.0,,2018-12-17
ORD46237,39691,San Diego,HUB-WEST,1.0,1.0,,2018-12-17
ORD46247,3693,Charlotte,HUB-EAST,14.0,14.0,,2018-12-17
ORD46300,19892,Austin,HUB-SOUTH,13.0,69.0,,2018-12-17
ORD46306,27110,New York,HUB-EAST,1.0,1.0,,2018-12-17
ORD46388,4113,Seattle,HUB-WEST,15.0,15.0,,2018-12-18
ORD46421,21227,Dallas,HUB-SOUTH,14.0,24.0,,2018-12-18
ORD46565,1985,Fort Worth,HUB-SOUTH,1323.0,1323.0,138.0,2018-12-18
ORD46568,34186,Philadelphia,HUB-EAST,2.0,2.0,,2018-12-18
ORD46637,24210,Chicago,HUB-MID,8.0,8.0,,2018-12-18
ORD46687,2591,Charlotte,HUB-EAST,150.0,201.0,,2018-12-18
ORD46719,43539,San Diego,HUB-WEST,3.0,3.0,,2018-12-19
ORD46731,21083,San Francisco,HUB-WEST,3.0,3.0,,2018-12-19
ORD46815,36627,San Diego,HUB-WEST,1.0,1.0,,2018-12-19
ORD46939,25130,Jacksonville,HUB-EAST,367.0,367.0,,2018-12-19
ORD46950,28789,San Francisco,HUB-WEST,4.0,4.0,,2018-12-19
ORD47003,8335,Jacksonville,HUB-EAST,88.0,141.0,,2018-12-19
ORD47016,33907,San Jose,HUB-WEST,120.0,120.0,,2018-12-19
ORD47048,10090,Jacksonville,HUB-EAST,3.0,3.0,,2018-12-20
ORD47076,13162,Seattle,HUB-WEST,9.0,12.0,,2018-12-20
ORD47160,4596,Los Angeles,HUB-WEST,65.0,117.0,,2018-12-20
ORD47435,20940,Seattle,HUB-WEST,4400.0,4400.0,,2018-12-26
ORD47452,37782,New York,HUB-EAST,7.0,7.0,,2018-12-26
ORD47534,42646,Columbus,HUB-MID,20.0,20.0,,2018-12-27
ORD47563,23182,New York,HUB-EAST,760.0,760.0,,2018-12-28
ORD47632,23984,Chicago,HUB-MID,96.0,96.0,,2019-01-02
ORD47686,23598,Indianapolis,HUB-MID,9.0,9.0,,2019-01-04
ORD47792,35934,Chicago,HUB-MID,515.0,515.0,,2019-01-09
ORD47810,19181,Charlotte,HUB-EAST,255.0,255.0,,2019-01-09
ORD47852,7244,San Jose,HUB-WEST,22.0,22.0,,2019-01-10
ORD47896,30232,Columbus,HUB-MID,43.0,246.0,,2019-01-10
ORD47909,30450,Austin,HUB-SOUTH,3.0,3.0,,2019-01-11
ORD47986,2591,Nashville,HUB-EAST,2375.0,2748.0,,2019-01-11
ORD47990,9602,San Antonio,HUB-SOUTH,10.0,10.0,,2019-01-11
ORD48029,34406,Fort Worth,HUB-SOUTH,90.0,90.0,,2019-01-14
ORD48030,3058,Los Angeles,HUB-WEST,25.0,25.0,,2019-01-14
ORD48063,22931,San Diego,HUB-WEST,2.0,2.0,,2019-01-14
ORD48092,25664,Jacksonville,HUB-EAST,4.0,4.0,,2019-01-14
ORD48134,34997,Indianapolis,HUB-MID,100.0,100.0,,2019-01-15
ORD48136,34997,Jacksonville,HUB-EAST,100.0,100.0,,2019-01-15
ORD48166,17732,Los Angeles,HUB-WEST,98.0,98.0,,2019-01-15
ORD48176,22351,Austin,HUB-SOUTH,150.0,150.0,,2019-01-15
ORD48261,1163,Seattle,HUB-WEST,5.0,9.0,,2019-01-16
ORD48277,13832,Philadelphia,HUB-EAST,5.0,12.0,,2019-01-16
ORD48343,1791,San Diego,HUB-WEST,4.0,4.0,,2019-01-16
ORD48355,26793,Columbus,HUB-MID,7.0,7.0,,2019-01-16
ORD48361,21587,Nashville,HUB-EAST,98.0,98.0,,2019-01-16
ORD48386,24485,Houston,HUB-SOUTH,1.0,1.0,,2019-01-16
ORD48389,37173,Dallas,HUB-SOUTH,1.0,1.0,,2019-01-16
ORD48392,37143,San Jose,HUB-WEST,28.0,28.0,,2019-01-16
ORD48441,42647,Los Angeles,HUB-WEST,3.0,3.0,,2019-01-17
ORD48484,11416,Nashville,HUB-EAST,48.0,48.0,,2019-01-17
ORD48767,7196,San Jose,HUB-WEST,2.0,15.0,,2019-01-21
ORD48781,19571,Philadelphia,HUB-EAST,17.0,24.0,,2019-01-21
ORD48826,3236,Austin,HUB-SOUTH,4.0,4.0,,2019-01-21
ORD48886,14603,Houston,HUB-SOUTH,3.0,3.0,,2019-01-22
ORD48929,27795,Los Angeles,HUB-WEST,5.0,5.0,,2019-01-22
ORD48949,3693,Fort Worth,HUB-SOUTH,2.0,2.0,,2019-01-22
ORD48971,41638,San Antonio,HUB-SOUTH,14.0,30.0,,2019-01-22
ORD48987,23563,San Diego,HUB-WEST,10.0,10.0,,2019-01-22
ORD49005,26944,San Francisco,HUB-WEST,1.0,1.0,,2019-01-22
ORD49060,38686,Dallas,HUB-SOUTH,5.0,9.0,,2019-01-23
ORD49080,24683,San Francisco,HUB-WEST,7.0,21.0,,2019-01-23
ORD49102,21110,Charlotte,HUB-EAST,576.0,576.0,504.0,2019-01-23
ORD49180,6015,Houston,HUB-SOUTH,2.0,2.0,,2019-01-23
ORD49193,17691,Columbus,HUB-MID,66.0,66.0,,2019-01-23
ORD49277,13195,Seattle,HUB-WEST,2.0,2.0,,2019-01-24
ORD49319,36687,Houston,HUB-SOUTH,318.0,318.0,,2019-01-24
ORD49347,18378,Nashville,HUB-EAST,7.0,7.0,,2019-01-24
ORD49449,3152,San Diego,HUB-WEST,2.0,2.0,,2019-01-25
ORD49554,22558,Houston,HUB-SOUTH,1.0,1.0,,2019-01-25
ORD49606,37883,San Francisco,HUB-WEST,1.0,1.0,,2019-01-25
ORD49618,12820,San Antonio,HUB-SOUTH,3.0,3.0,,2019-01-28
ORD49623,8551,Phoenix,HUB-WEST,6.0,6.0,,2019-01-28
ORD49654,36636,Chicago,HUB-MID,301.0,301.0,,2019-01-28
ORD49692,43149,Los Angeles,HUB-WEST,2640.0,2640.0,,2019-01-28
ORD49703,10816,San Jose,HUB-WEST,69.0,489.0,,2019-01-28
ORD49713,9810,Charlotte,HUB-EAST,4.0,4.0,,2019-01-28
ORD49755,24485,San Jose,HUB-WEST,9.0,9.0,,2019-01-29
ORD49826,25754,Houston,HUB-SOUTH,90.0,90.0,171.0,2019-01-29
ORD49839,38298,Los Angeles,HUB-WEST,501.0,501.0,,2019-01-29
ORD49853,22353,New York,HUB-EAST,20.0,20.0,,2019-01-29
ORD49861,34186,Nashville,HUB-EAST,20.0,20.0,,2019-01-29
ORD49867,36451,Seattle,HUB-WEST,2.0,2.0,,2019-01-29
ORD49892,42810,Fort Worth,HUB-SOUTH,96.0,96.0,,2019-01-29
ORD49895,28095,San Jose,HUB-WEST,20.0,20.0,,2019-01-29
ORD49914,4142,Philadelphia,HUB-EAST,13.0,13.0,,2019-01-29
ORD49925,20929,Columbus,HUB-MID,10.0,10.0,,2019-01-29
ORD49941,3136,San Jose,HUB-WEST,1.0,1.0,,2019-01-29
ORD49955,11558,Chicago,HUB-MID,301.0,301.0,,2019-01-29
ORD49956,11558,Phoenix,HUB-WEST,308.0,308.0,,2019-01-29
ORD50031,912,Fort Worth,HUB-SOUTH,5.0,18.0,,2019-01-30
ORD50052,8335,Dallas,HUB-SOUTH,19.0,120.0,,2019-01-30
ORD50119,2952,Chicago,HUB-MID,8.0,8.0,,2019-01-30
ORD50163,2607,New York,HUB-EAST,15.0,33.0,,2019-01-30
ORD50223,22967,San Antonio,HUB-SOUTH,2.0,2.0,,2019-01-30
ORD50251,25878,Chicago,HUB-MID,3.0,3.0,,2019-01-31
ORD50306,19999,Philadelphia,HUB-EAST,168.0,450.0,,2019-01-31
ORD50315,28351,Los Angeles,HUB-WEST,42.0,111.0,,2019-01-31
ORD50318,35476,Fort Worth,HUB-SOUTH,1188.0,1188.0,,2019-01-31
ORD50324,24468,San Antonio,HUB-SOUTH,1151.0,1151.0,,2019-01-31
ORD50338,22350,Austin,HUB-SOUTH,20.0,20.0,,2019-01-31
ORD50488,30232,New York,HUB-EAST,1189.0,1189.0,,2019-01-31
ORD50513,1986,New York,HUB-EAST,9.0,9.0,,2019-02-01
ORD50535,9349,Charlotte,HUB-EAST,12.0,12.0,,2019-02-01
ORD50601,1987,Fort Worth,HUB-SOUTH,11.0,11.0,,2019-02-01
ORD50605,1989,Charlotte,HUB-EAST,1116.0,3960.0,,2019-02-01
ORD50619,43149,Nashville,HUB-EAST,2640.0,2640.0,,2019-02-01
ORD50719,35076,Los Angeles,HUB-WEST,30.0,30.0,,2019-02-01
ORD50720,43498,Philadelphia,HUB-EAST,10.0,10.0,,2019-02-01
ORD50722,26807,Columbus,HUB-MID,10.0,10.0,,2019-02-01
ORD50735,1794,Indianapolis,HUB-MID,3.0,3.0,,2019-02-04
ORD50756,3693,San Antonio,HUB-SOUTH,10.0,10.0,,2019-02-04
ORD50772,10100,Phoenix,HUB-WEST,196.0,951.0,,2019-02-04
ORD50800,23984,Denver,HUB-WEST,41.0,41.0,,2019-02-04
ORD50805,39933,San Diego,HUB-WEST,3.0,3.0,,2019-02-05
ORD50833,21960,Austin,HUB-SOUTH,2.0,9.0,,2019-02-05
ORD50849,26793,Chicago,HUB-MID,12.0,12.0,,2019-02-05
ORD50925,30544,Houston,HUB-SOUTH,10.0,10.0,,2019-02-05
ORD50930,24485,Phoenix,HUB-WEST,5.0,5.0,,2019-02-05
ORD51013,36086,Austin,HUB-SOUTH,7.0,30.0,,2019-02-05
ORD51021,6317,Seattle,HUB-WEST,13.0,69.0,,2019-02-05
ORD51029,36086,Houston,HUB-SOUTH,1.0,1.0,,2019-02-05
ORD51050,22433,Jacksonville,HUB-EAST,1.0,1.0,,2019-02-05
ORD51141,671,Indianapolis,HUB-MID,1.0,1.0,,2019-02-06
ORD51152,26793,Jacksonville,HUB-EAST,1.0,1.0,,2019-02-06
ORD51169,37014,Austin,HUB-SOUTH,56.0,243.0,,2019-02-06
ORD51180,38712,Philadelphia,HUB-EAST,48.0,48.0,,2019-02-06
ORD51256,532,Houston,HUB-SOUTH,7.0,7.0,,2019-02-06
ORD51262,42458,Columbus,HUB-MID,2072.0,2072.0,,2019-02-06
ORD51288,14709,Houston,HUB-SOUTH,1.0,1.0,,2019-02-06
ORD51308,23536,Nashville,HUB-EAST,1.0,1.0,,2019-02-06
ORD51313,30116,New York,HUB-EAST,1.0,3.0,,2019-02-07
ORD51341,28197,Chicago,HUB-MID,4400.0,4400.0,,2019-02-07
ORD51348,21110,Los Angeles,HUB-WEST,392.0,392.0,,2019-02-07
ORD51447,24730,Fort Worth,HUB-SOUTH,2.0,3.0,,2019-02-08
ORD51529,36837,Indianapolis,HUB-MID,24.0,153.0,,2019-02-08
ORD51533,21235,San Francisco,HUB-WEST,300.0,300.0,,2019-02-08
ORD51605,26793,Seattle,HUB-WEST,48.0,48.0,,2019-02-08
ORD51606,24485,Chicago,HUB-MID,192.0,192.0,,2019-02-08
ORD51614,22347,Seattle,HUB-WEST,1.0,1.0,,2019-02-08
ORD51785,19873,Denver,HUB-WEST,15.0,15.0,,2019-02-11
ORD51792,22703,Los Angeles,HUB-WEST,430.0,430.0,,2019-02-11
ORD51793,22703,San Antonio,HUB-SOUTH,440.0,440.0,,2019-02-11
ORD51800,20020,Indianapolis,HUB-MID,10.0,10.0,,2019-02-11
ORD51820,19873,Philadelphia,HUB-EAST,24.0,153.0,,2019-02-11
ORD51843,43149,Dallas,HUB-SOUTH,6160.0,6160.0,,2019-02-11
ORD51918,37018,San Diego,HUB-WEST,57.0,57.0,,2019-02-12
ORD51953,9480,Denver,HUB-WEST,7.0,7.0,,2019-02-12
ORD51970,270,Dallas,HUB-SOUTH,50.0,50.0,,2019-02-12
ORD51986,22347,Philadelphia,HUB-EAST,1.0,1.0,,2019-02-12
ORD52004,34186,Denver,HUB-WEST,194.0,1362.0,,2019-02-12
ORD52027,37877,Nashville,HUB-EAST,2.0,2.0,,2019-02-12
ORD52080,23984,Indianapolis,HUB-MID,146.0,146.0,,2019-02-12
ORD52087,24714,Denver,HUB-WEST,2.0,3.0,,2019-02-13
ORD52131,37764,Houston,HUB-SOUTH,15.0,15.0,,2019-02-13
ORD52139,20951,San Francisco,HUB-WEST,11.0,12.0,,2019-02-13
ORD52146,9373,San Francisco,HUB-WEST,3.0,12.0,,2019-02-13
ORD52210,8799,San Jose,HUB-WEST,4.0,4.0,,2019-02-13
ORD52317,19957,New York,HUB-EAST,1.0,1.0,,2019-02-13
ORD52413,12566,Dallas,HUB-SOUTH,2.0,9.0,,2019-02-14
ORD52438,25754,New York,HUB-EAST,300.0,1815.0,,2019-02-14
ORD52443,23565,Los Angeles,HUB-WEST,1422.0,1422.0,,2019-02-14
ORD52444,32610,Phoenix,HUB-WEST,2915.0,2915.0,,2019-02-14
ORD52510,11750,Philadelphia,HUB-EAST,1.0,1.0,,2019-02-14
ORD52585,22476,Chicago,HUB-MID,10.0,10.0,,2019-02-14
ORD52591,10417,Charlotte,HUB-EAST,16.0,16.0,,2019-02-14
ORD52625,22743,San Antonio,HUB-SOUTH,6.0,6.0,,2019-02-15
ORD52633,29053,Indianapolis,HUB-MID,4.0,9.0,,2019-02-15
ORD52707,24485,Seattle,HUB-WEST,46.0,120.0,,2019-02-15
ORD52708,24485,San Francisco,HUB-WEST,153.0,189.0,,2019-02-15
ORD52721,23999,San Diego,HUB-WEST,8.0,8.0,,2019-02-15
ORD52769,37907,Fort Worth,HUB-SOUTH,1.0,1.0,,2019-02-15
ORD52806,10591,Los Angeles,HUB-WEST,1.0,1.0,,2019-02-15
ORD52824,23851,Denver,HUB-WEST,1.0,1.0,,2019-02-15
ORD52846,22474,San Francisco,HUB-WEST,10.0,10.0,,2019-02-15
ORD52858,3738,Nashville,HUB-EAST,2.0,3.0,,2019-02-18
ORD52895,32610,Columbus,HUB-MID,2200.0,2200.0,,2019-02-18
ORD52922,38639,Philadelphia,HUB-EAST,8.0,8.0,,2019-02-18
ORD52941,3060,Chicago,HUB-MID,20.0,20.0,,2019-02-18
ORD52945,27807,Phoenix,HUB-WEST,249.0,249.0,,2019-02-18
ORD52949,22351,Jacksonville,HUB-EAST,313.0,313.0,,2019-02-18
ORD52998,42585,Chicago,HUB-MID,1.0,1.0,,2019-02-18
ORD52999,22474,Jacksonville,HUB-EAST,1.0,1.0,,2019-02-18
ORD53000,22476,Charlotte,HUB-EAST,1.0,1.0,,2019-02-18
ORD53001,22477,San Francisco,HUB-WEST,1.0,1.0,,2019-02-18
ORD53063,42097,San Antonio,HUB-SOUTH,12.0,12.0,,2019-02-19
ORD53084,39750,Phoenix,HUB-WEST,24.0,24.0,,2019-02-19
ORD53245,34186,Seattle,HUB-WEST,327.0,327.0,,2019-02-19
ORD53317,18712,Nashville,HUB-EAST,12.0,78.0,,2019-02-19
ORD53322,18711,Seattle,HUB-WEST,24.0,153.0,,2019-02-19
ORD53328,36685,Seattle,HUB-WEST,5.0,5.0,,2019-02-19
ORD53333,6317,Los Angeles,HUB-WEST,13.0,69.0,,2019-02-19
ORD53345,3704,Seattle,HUB-WEST,5.0,5.0,,2019-02-19
ORD53376,42396,Austin,HUB-SOUTH,162.0,162.0,,2019-02-19
ORD53379,23984,Charlotte,HUB-EAST,115.0,115.0,,2019-02-19
ORD53435,17732,New York,HUB-EAST,12.0,12.0,,2019-02-20
ORD53538,43823,Columbus,HUB-MID,5.0,5.0,,2019-02-20
ORD53653,9602,San Francisco,HUB-WEST,631.0,631.0,,2019-02-20
ORD53942,24320,Fort Worth,HUB-SOUTH,8.0,12.0,,2019-02-22
ORD53978,12590,New York,HUB-EAST,4.0,4.0,,2019-02-22
ORD54007,42195,Philadelphia,HUB-EAST,2.0,2.0,,2019-02-22
ORD54039,35476,Columbus,HUB-MID,30.0,30.0,,2019-02-22
ORD54201,18317,Houston,HUB-SOUTH,2.0,2.0,,2019-02-22
ORD54225,11074,Philadelphia,HUB-EAST,7.0,9.0,,2019-02-25
ORD54244,17235,Seattle,HUB-WEST,18.0,24.0,,2019-02-25
ORD54250,34997,Houston,HUB-SOUTH,100.0,100.0,,2019-02-25
ORD54337,33892,Fort Worth,HUB-SOUTH,33.0,33.0,,2019-02-25
ORD54370,12508,Fort Worth,HUB-SOUTH,11.0,11.0,,2019-02-25
ORD54414,3072,Chicago,HUB-MID,3.0,3.0,,2019-02-26
ORD54482,28197,Fort Worth,HUB-SOUTH,510.0,510.0,,2019-02-26
ORD54485,38298,San Jose,HUB-WEST,819.0,819.0,,2019-02-26
ORD54486,28197,New York,HUB-EAST,1700.0,1700.0,,2019-02-26
ORD54501,36451,Austin,HUB-SOUTH,39.0,39.0,,2019-02-26
ORD54505,1987,Austin,HUB-SOUTH,39.0,39.0,,2019-02-26
ORD54587,34186,Dallas,HUB-SOUTH,39.0,39.0,,2019-02-26
ORD54589,3693,Jacksonville,HUB-EAST,69.0,180.0,,2019-02-26
ORD54618,40490,Seattle,HUB-WEST,113.0,113.0,,2019-02-26
ORD54623,42264,New York,HUB-EAST,48.0,48.0,,2019-02-26
ORD54634,8063,Philadelphia,HUB-EAST,48.0,48.0,,2019-02-26
ORD54807,3567,Charlotte,HUB-EAST,296.0,296.0,,2019-02-27
ORD54851,10103,Dallas,HUB-SOUTH,3430.0,3430.0,,2019-02-27
ORD54867,10101,Seattle,HUB-WEST,2378.0,2378.0,,2019-02-27
ORD55105,1887,Austin,HUB-SOUTH,8.0,12.0,,2019-02-28
ORD55181,22350,Charlotte,HUB-EAST,20.0,20.0,,2019-02-28
ORD55192,3058,New York,HUB-EAST,10.0,10.0,,2019-02-28
ORD55276,38299,San Diego,HUB-WEST,17.0,17.0,,2019-02-28
ORD55302,9276,Columbus,HUB-MID,10.0,10.0,,2019-02-28
ORD55324,8550,Chicago,HUB-MID,138.0,276.0,,2019-02-28
ORD55347,42264,Charlotte,HUB-EAST,3.0,3.0,,2019-03-01
ORD55414,19309,Columbus,HUB-MID,258.0,258.0,,2019-03-01
ORD55424,28197,San Jose,HUB-WEST,1700.0,1700.0,,2019-03-01
ORD55500,33229,Dallas,HUB-SOUTH,1.0,1.0,,2019-03-01
ORD55538,5512,Austin,HUB-SOUTH,4.0,4.0,,2019-03-01
ORD55561,11406,Houston,HUB-SOUTH,4422.0,4422.0,,2019-03-01
ORD55597,37824,Jacksonville,HUB-EAST,10.0,10.0,,2019-03-01
ORD55631,42264,Los Angeles,HUB-WEST,10.0,10.0,,2019-03-01
ORD55650,33887,Los Angeles,HUB-WEST,122.0,402.0,,2019-03-01
ORD55651,33887,Los Angeles,HUB-WEST,42.0,111.0,,2019-03-01
ORD55766,25031,Austin,HUB-SOUTH,10.0,15.0,,2019-03-04
ORD55780,17235,San Diego,HUB-WEST,17.0,18.0,,2019-03-04
ORD55815,13200,San Diego,HUB-WEST,46.0,105.0,,2019-03-04
ORD55910,23984,San Antonio,HUB-SOUTH,35.0,35.0,,2019-03-04
ORD55996,28197,Austin,HUB-SOUTH,1275.0,1275.0,,2019-03-06
ORD56139,8206,Nashville,HUB-EAST,19.0,39.0,,2019-03-06
ORD56152,6317,Los Angeles,HUB-WEST,13.0,69.0,,2019-03-06
ORD56175,5888,San Jose,HUB-WEST,23.0,23.0,,2019-03-06
ORD56259,3059,Charlotte,HUB-EAST,1.0,1.0,,2019-03-07
ORD56514,3567,Denver,HUB-WEST,344.0,344.0,,2019-03-08
ORD56541,5844,Fort Worth,HUB-SOUTH,26.0,30.0,,2019-03-08
ORD56565,2595,Phoenix,HUB-WEST,5.0,5.0,,2019-03-08
ORD56569,2595,San Antonio,HUB-SOUTH,25.0,42.0,,2019-03-08
ORD56591,42810,Seattle,HUB-WEST,375.0,375.0,,2019-03-08
ORD56667,40202,Seattle,HUB-WEST,21.0,54.0,,2019-03-08
ORD56735,7209,Seattle,HUB-WEST,30.0,30.0,,2019-03-08
ORD56757,12834,San Antonio,HUB-SOUTH,301.0,301.0,,2019-03-08
ORD56904,40934,Philadelphia,HUB-EAST,102.0,102.0,,2019-03-11
ORD56905,40934,Houston,HUB-SOUTH,2.0,2.0,,2019-03-11
ORD56943,4155,Jacksonville,HUB-EAST,3.0,6.0,,2019-03-12
ORD57004,18877,Seattle,HUB-WEST,46.0,123.0,,2019-03-12
ORD57006,22583,Fort Worth,HUB-SOUTH,249.0,249.0,,2019-03-12
ORD57012,18308,San Francisco,HUB-WEST,113.0,113.0,,2019-03-12
ORD57043,21039,San Antonio,HUB-SOUTH,16.0,69.0,,2019-03-12
ORD57060,174,Nashville,HUB-EAST,27.0,111.0,,2019-03-12
ORD57211,6001,Fort Worth,HUB-SOUTH,8.0,8.0,,2019-03-12
ORD57250,21318,Nashville,HUB-EAST,4.0,6.0,,2019-03-13
ORD57343,21039,Dallas,HUB-SOUTH,124.0,537.0,,2019-03-13
ORD57430,35171,Columbus,HUB-MID,2.0,2.0,,2019-03-13
ORD57433,33511,Phoenix,HUB-WEST,71.0,71.0,,2019-03-13
ORD57488,29143,San Diego,HUB-WEST,4.0,4.0,,2019-03-13
ORD57628,19999,Dallas,HUB-SOUTH,24.0,153.0,,2019-03-14
ORD57849,19878,San Diego,HUB-WEST,15.0,15.0,,2019-03-15
ORD57850,20004,Nashville,HUB-EAST,15.0,15.0,,2019-03-15
ORD57851,20005,San Antonio,HUB-SOUTH,15.0,15.0,,2019-03-15
ORD57852,20006,Indianapolis,HUB-MID,15.0,15.0,,2019-03-15
ORD57875,9601,Charlotte,HUB-EAST,12.0,12.0,,2019-03-15
ORD57897,19999,San Francisco,HUB-WEST,252.0,675.0,,2019-03-15
ORD57898,39175,Houston,HUB-SOUTH,20.0,20.0,,2019-03-15
ORD57899,36681,Indianapolis,HUB-MID,35.0,35.0,,2019-03-15
ORD57901,37043,Columbus,HUB-MID,30.0,30.0,,2019-03-15
ORD57902,19870,Charlotte,HUB-EAST,20.0,20.0,,2019-03-15
ORD57903,20003,Dallas,HUB-SOUTH,30.0,30.0,,2019-03-15
ORD57907,19873,Phoenix,HUB-WEST,45.0,45.0,,2019-03-15
ORD57938,38927,Houston,HUB-SOUTH,20.0,20.0,,2019-03-15
ORD57945,35856,Fort Worth,HUB-SOUTH,43.0,43.0,,2019-03-15
ORD57972,42394,Nashville,HUB-EAST,20.0,20.0,,2019-03-15
ORD57999,31573,San Francisco,HUB-WEST,20.0,20.0,,2019-03-15
ORD58000,16741,Austin,HUB-SOUTH,4.0,4.0,,2019-03-15
ORD58030,22967,Denver,HUB-WEST,13.0,13.0,,2019-03-15
ORD58034,19996,Fort Worth,HUB-SOUTH,20.0,20.0,,2019-03-15
ORD58082,20018,Charlotte,HUB-EAST,20.0,20.0,,2019-03-15
ORD58092,24728,Jacksonville,HUB-EAST,360.0,360.0,365.0,2019-03-15
ORD58109,19879,San Francisco,HUB-WEST,20.0,20.0,,2019-03-15
ORD58110,24821,San Antonio,HUB-SOUTH,20.0,20.0,,2019-03-15
ORD58130,30232,San Diego,HUB-WEST,1620.0,1620.0,,2019-03-15
ORD58235,18328,Chicago,HUB-MID,12.0,48.0,,2019-03-18
ORD58245,41290,Seattle,HUB-WEST,300.0,1086.0,,2019-03-18
ORD58274,37015,Houston,HUB-SOUTH,3.0,3.0,,2019-03-19
ORD58315,5012,Denver,HUB-WEST,8.0,15.0,,2019-03-19
ORD58319,35136,Denver,HUB-WEST,12.0,12.0,,2019-03-19
ORD58353,24564,Houston,HUB-SOUTH,18.0,27.0,,2019-03-19
ORD58354,30923,Los Angeles,HUB-WEST,27.0,27.0,,2019-03-19
ORD58355,19999,Austin,HUB-SOUTH,10200.0,10200.0,,2019-03-19
ORD58367,35180,Fort Worth,HUB-SOUTH,49.0,291.0,,2019-03-19
ORD58377,35476,Philadelphia,HUB-EAST,1594.0,1594.0,,2019-03-19
ORD58420,1985,Charlotte,HUB-EAST,82.0,195.0,,2019-03-19
ORD58440,7476,Phoenix,HUB-WEST,10.0,10.0,,2019-03-19
ORD58448,43149,Chicago,HUB-MID,3080.0,3080.0,,2019-03-19
ORD58449,43149,Jacksonville,HUB-EAST,704.0,704.0,,2019-03-19
ORD58450,43149,Charlotte,HUB-EAST,352.0,352.0,,2019-03-19
ORD58453,22351,San Antonio,HUB-SOUTH,1030.0,1030.0,,2019-03-19
ORD58478,19957,Denver,HUB-WEST,12.0,48.0,,2019-03-19
ORD58491,21199,Chicago,HUB-MID,40.0,45.0,,2019-03-19
ORD58521,20402,Los Angeles,HUB-WEST,1.0,1.0,,2019-03-19
ORD58532,6317,San Francisco,HUB-WEST,13.0,69.0,,2019-03-19
ORD58537,24726,San Francisco,HUB-WEST,2.0,2.0,,2019-03-19
ORD58607,11558,Chicago,HUB-MID,609.0,609.0,,2019-03-19
ORD58693,18673,San Jose,HUB-WEST,11.0,12.0,,2019-03-20
ORD58824,22803,Jacksonville,HUB-EAST,56.0,66.0,,2019-03-20
ORD58833,21538,Indianapolis,HUB-MID,5.0,5.0,,2019-03-20
ORD58845,33862,San Jose,HUB-WEST,2.0,2.0,,2019-03-20
ORD58846,33862,Seattle,HUB-WEST,5.0,5.0,,2019-03-20
ORD58934,40750,Houston,HUB-SOUTH,65.0,117.0,,2019-03-20
ORD58937,37544,San Francisco,HUB-WEST,65.0,117.0,,2019-03-20
ORD59007,42926,Dallas,HUB-SOUTH,1645.0,1645.0,,2019-03-21
ORD59057,10105,Nashville,HUB-EAST,23.0,23.0,,2019-03-21
ORD59092,4344,New York,HUB-EAST,12.0,48.0,,2019-03-21
ORD59110,35305,San Antonio,HUB-SOUTH,2.0,2.0,,2019-03-21
ORD59119,40481,Nashville,HUB-EAST,18.0,39.0,,2019-03-21
ORD59140,43295,San Diego,HUB-WEST,1.0,1.0,,2019-03-21
ORD59153,21812,Nashville,HUB-EAST,72.0,84.0,,2019-03-21
ORD59283,38298,San Jose,HUB-WEST,66.0,66.0,,2019-03-22
ORD59315,10386,San Jose,HUB-WEST,11.0,11.0,,2019-03-22
ORD59346,16843,Nashville,HUB-EAST,408.0,408.0,,2019-03-22
ORD59349,24468,Indianapolis,HUB-MID,137.0,137.0,,2019-03-22
ORD59366,26488,Charlotte,HUB-EAST,38.0,189.0,,2019-03-22
ORD59549,18711,Phoenix,HUB-WEST,162.0,321.0,,2019-03-22
ORD59601,43585,Dallas,HUB-SOUTH,3.0,3.0,,2019-03-25
ORD59645,19999,San Francisco,HUB-WEST,130.0,130.0,,2019-03-25
ORD59669,32962,San Francisco,HUB-WEST,1.0,1.0,,2019-03-25
ORD59676,22353,Los Angeles,HUB-WEST,10.0,10.0,,2019-03-25
ORD59839,24080,Dallas,HUB-SOUTH,14.0,18.0,,2019-03-26
ORD59862,3062,Los Angeles,HUB-WEST,2.0,2.0,,2019-03-26
ORD59886,27379,Nashville,HUB-EAST,19.0,19.0,,2019-03-26
ORD59907,19890,San Francisco,HUB-WEST,5.0,5.0,,2019-03-26
ORD59908,35861,Philadelphia,HUB-EAST,4.0,4.0,,2019-03-26
ORD59948,22347,San Antonio,HUB-SOUTH,10.0,10.0,,2019-03-26
ORD59985,42785,San Jose,HUB-WEST,84.0,225.0,,2019-03-26
ORD59991,446,Charlotte,HUB-EAST,35.0,69.0,,2019-03-26
ORD60075,33907,San Jose,HUB-WEST,108.0,108.0,,2019-03-26
ORD60097,8551,Chicago,HUB-MID,2.0,2.0,,2019-03-26
ORD60204,18899,Nashville,HUB-EAST,18.0,18.0,,2019-03-27
ORD60299,3236,Jacksonville,HUB-EAST,121.0,121.0,,2019-03-27
ORD60427,37782,Austin,HUB-SOUTH,2.0,2.0,,2019-03-27
ORD60469,18711,Nashville,HUB-EAST,10.0,10.0,,2019-03-27
ORD60474,18711,Houston,HUB-SOUTH,4.0,4.0,,2019-03-27
ORD60493,22215,San Jose,HUB-WEST,11.0,11.0,,2019-03-27
ORD60539,19336,Fort Worth,HUB-SOUTH,2.0,9.0,,2019-03-28
ORD60577,24993,Phoenix,HUB-WEST,630.0,630.0,,2019-03-28
ORD60581,9603,Philadelphia,HUB-EAST,20.0,20.0,,2019-03-28
ORD60616,32109,Austin,HUB-SOUTH,1.0,1.0,,2019-03-28
ORD60689,36652,San Francisco,HUB-WEST,31.0,48.0,,2019-03-28
ORD60723,23563,New York,HUB-EAST,2.0,2.0,,2019-03-28
ORD60736,23566,San Francisco,HUB-WEST,2.0,2.0,,2019-03-28
ORD60836,1738,Jacksonville,HUB-EAST,12.0,12.0,,2019-03-29
ORD60869,9828,Phoenix,HUB-WEST,27.0,27.0,,2019-03-29
ORD60872,19999,Denver,HUB-WEST,42.0,168.0,,2019-03-29
ORD60873,19999,Nashville,HUB-EAST,486.0,963.0,,2019-03-29
ORD60888,9602,Nashville,HUB-EAST,262.0,262.0,,2019-03-29
ORD60942,22350,Phoenix,HUB-WEST,39.0,39.0,,2019-03-29
ORD60971,35968,San Antonio,HUB-SOUTH,57.0,96.0,270.0,2019-03-29
ORD61143,1738,San Francisco,HUB-WEST,300.0,300.0,,2019-03-29
ORD61191,41721,New York,HUB-EAST,3.0,3.0,,2019-03-30
ORD61249,7316,Denver,HUB-WEST,786.0,786.0,,2019-03-30
ORD61256,3366,Philadelphia,HUB-EAST,236.0,236.0,,2019-03-30
ORD61304,19590,San Francisco,HUB-WEST,21.0,147.0,,2019-03-30
ORD61347,18068,New York,HUB-EAST,19.0,19.0,,2019-03-30
ORD61381,18634,San Jose,HUB-WEST,601.0,601.0,,2019-04-01
ORD61395,29413,San Francisco,HUB-WEST,141.0,141.0,,2019-04-01
ORD61417,22878,Denver,HUB-WEST,6.0,6.0,,2019-04-02
ORD61447,10039,Charlotte,HUB-EAST,4.0,18.0,,2019-04-02
ORD61457,24479,San Diego,HUB-WEST,19.0,24.0,,2019-04-02
ORD61458,24480,Denver,HUB-WEST,19.0,24.0,,2019-04-02
ORD61461,19816,San Jose,HUB-WEST,19.0,24.0,,2019-04-02
ORD61462,3704,Phoenix,HUB-WEST,16.0,24.0,,2019-04-02
ORD61477,1989,Los Angeles,HUB-WEST,7938.0,7938.0,648.0,2019-04-02
ORD61484,18976,San Jose,HUB-WEST,18.0,51.0,,2019-04-02
ORD61493,18976,Philadelphia,HUB-EAST,2.0,2.0,,2019-04-02
ORD61512,12560,New York,HUB-EAST,57.0,72.0,,2019-04-02
ORD61514,24483,Philadelphia,HUB-EAST,38.0,48.0,,2019-04-02
ORD61545,24481,Los Angeles,HUB-WEST,95.0,120.0,,2019-04-02
ORD61546,43110,San Diego,HUB-WEST,2.0,2.0,,2019-04-02
ORD61570,19815,Jacksonville,HUB-EAST,95.0,120.0,,2019-04-02
ORD61572,37831,Indianapolis,HUB-MID,1.0,1.0,,2019-04-02
ORD61577,43423,Denver,HUB-WEST,2.0,2.0,,2019-04-02
ORD61585,37824,Columbus,HUB-MID,12.0,78.0,,2019-04-02
ORD61614,37877,Denver,HUB-WEST,20.0,20.0,,2019-04-02
ORD61677,11839,Seattle,HUB-WEST,20.0,20.0,,2019-04-02
ORD61772,8335,Denver,HUB-WEST,12.0,63.0,,2019-04-03
ORD61807,19999,Indianapolis,HUB-MID,3152.0,3152.0,3664.0,2019-04-03
ORD61830,19108,Philadelphia,HUB-EAST,2.0,2.0,,2019-04-03
ORD61834,18677,New York,HUB-EAST,545.0,545.0,,2019-04-03
ORD61858,20939,San Francisco,HUB-WEST,24.0,30.0,,2019-04-03
ORD61863,37620,Dallas,HUB-SOUTH,2.0,2.0,,2019-04-03
ORD61884,17191,Austin,HUB-SOUTH,38.0,48.0,,2019-04-03
ORD61900,17192,Columbus,HUB-MID,38.0,48.0,,2019-04-03
ORD61911,22347,San Antonio,HUB-SOUTH,20.0,20.0,,2019-04-03
ORD61916,22835,Fort Worth,HUB-SOUTH,1.0,1.0,,2019-04-03
ORD61918,1328,Dallas,HUB-SOUTH,10.0,10.0,,2019-04-03
ORD61932,23915,San Francisco,HUB-WEST,1199.0,1199.0,,2019-04-03
ORD61938,28095,Nashville,HUB-EAST,10.0,10.0,,2019-04-03
ORD62091,34189,Houston,HUB-SOUTH,22.0,24.0,,2019-04-04
ORD62095,35231,San Jose,HUB-WEST,532.0,532.0,,2019-04-04
ORD62146,2014,Dallas,HUB-SOUTH,37.0,37.0,,2019-04-04
ORD62175,3698,Columbus,HUB-MID,1.0,1.0,,2019-04-04
ORD62230,22351,Philadelphia,HUB-EAST,74.0,74.0,,2019-04-04
ORD62302,41194,Phoenix,HUB-WEST,3.0,3.0,,2019-04-05
ORD62306,35002,Austin,HUB-SOUTH,3.0,3.0,,2019-04-05
ORD62315,22347,Dallas,HUB-SOUTH,6.0,6.0,,2019-04-05
ORD62324,5180,San Jose,HUB-WEST,6.0,9.0,,2019-04-05
ORD62338,1806,Houston,HUB-SOUTH,12.0,15.0,,2019-04-05
ORD62411,18711,New York,HUB-EAST,4.0,4.0,,2019-04-05
ORD62437,12726,Seattle,HUB-WEST,23.0,23.0,,2019-04-05
ORD62445,39175,Austin,HUB-SOUTH,2.0,2.0,,2019-04-05
ORD62449,19878,Philadelphia,HUB-EAST,5.0,5.0,,2019-04-05
ORD62451,20006,San Jose,HUB-WEST,2.0,2.0,,2019-04-05
ORD62480,38927,New York,HUB-EAST,5.0,5.0,,2019-04-05
ORD62482,14330,Phoenix,HUB-WEST,9.0,36.0,,2019-04-05
ORD62494,3102,Fort Worth,HUB-SOUTH,9.0,36.0,,2019-04-05
ORD62533,19999,San Diego,HUB-WEST,25.0,25.0,,2019-04-05
ORD62550,42714,Nashville,HUB-EAST,4.0,4.0,,2019-04-05
ORD62552,10090,Columbus,HUB-MID,2.0,2.0,,2019-04-05
ORD62571,39043,Charlotte,HUB-EAST,1.0,1.0,,2019-04-05
ORD62584,32003,Indianapolis,HUB-MID,1.0,1.0,,2019-04-05
ORD62598,36451,San Antonio,HUB-SOUTH,16.0,16.0,,2019-04-05
ORD62616,42394,Austin,HUB-SOUTH,5.0,5.0,,2019-04-05
ORD62645,8974,Dallas,HUB-SOUTH,69.0,69.0,,2019-04-05
ORD62678,37877,Philadelphia,HUB-EAST,4.0,4.0,,2019-04-05
ORD62702,3236,Phoenix,HUB-WEST,3.0,3.0,,2019-04-08
ORD62744,19816,Austin,HUB-SOUTH,19.0,24.0,,2019-04-08
ORD62757,20004,Jacksonville,HUB-EAST,2.0,2.0,,2019-04-08
ORD62761,22351,Chicago,HUB-MID,439.0,439.0,,2019-04-08
ORD62787,19870,Austin,HUB-SOUTH,5.0,5.0,,2019-04-08
ORD62807,43149,Houston,HUB-SOUTH,265.0,265.0,,2019-04-08
ORD62828,1831,New York,HUB-EAST,4.0,4.0,,2019-04-08
ORD62848,20018,Houston,HUB-SOUTH,5.0,5.0,,2019-04-08
ORD62849,18711,Indianapolis,HUB-MID,58.0,58.0,,2019-04-08
ORD62863,19879,Jacksonville,HUB-EAST,2.0,2.0,,2019-04-08
ORD62905,37478,Fort Worth,HUB-SOUTH,5.0,6.0,,2019-04-09
ORD62970,33759,Columbus,HUB-MID,19.0,24.0,,2019-04-09
ORD62971,33759,Indianapolis,HUB-MID,19.0,24.0,,2019-04-09
ORD62989,24481,Austin,HUB-SOUTH,95.0,120.0,,2019-04-09
ORD63023,1002,Philadelphia,HUB-EAST,61.0,219.0,,2019-04-09
ORD63028,7295,San Jose,HUB-WEST,10.0,10.0,,2019-04-09
ORD63071,23915,Philadelphia,HUB-EAST,218.0,218.0,,2019-04-09
ORD63113,23564,Charlotte,HUB-EAST,2.0,2.0,,2019-04-09
ORD63114,38434,Phoenix,HUB-WEST,2.0,2.0,,2019-04-09
ORD63139,38390,Nashville,HUB-EAST,16.0,69.0,,2019-04-09
ORD63154,22106,Fort Worth,HUB-SOUTH,38.0,48.0,,2019-04-09
ORD63155,22106,New York,HUB-EAST,38.0,48.0,,2019-04-09
ORD63227,23489,Dallas,HUB-SOUTH,3.0,3.0,,2019-04-10
ORD63262,19150,San Jose,HUB-WEST,8.0,15.0,,2019-04-10
ORD63308,42903,Dallas,HUB-SOUTH,386.0,386.0,,2019-04-10
ORD63329,17191,Phoenix,HUB-WEST,38.0,48.0,,2019-04-10
ORD63339,41330,Seattle,HUB-WEST,16.0,39.0,,2019-04-10
ORD63344,17192,Fort Worth,HUB-SOUTH,38.0,48.0,,2019-04-10
ORD63381,21372,Philadelphia,HUB-EAST,4.0,4.0,,2019-04-10
ORD63399,23915,Houston,HUB-SOUTH,218.0,218.0,,2019-04-10
ORD63455,40077,Indianapolis,HUB-MID,830.0,830.0,,2019-04-10
ORD63516,2018,Seattle,HUB-WEST,11.0,11.0,,2019-04-10
ORD63524,24728,Dallas,HUB-SOUTH,5.0,5.0,35.0,2019-04-10
ORD63533,43257,Jacksonville,HUB-EAST,1.0,1.0,,2019-04-10
ORD63666,14075,Indianapolis,HUB-MID,5.0,5.0,,2019-04-11
ORD63668,4904,Nashville,HUB-EAST,5.0,5.0,,2019-04-11
ORD63673,15150,San Antonio,HUB-SOUTH,144.0,144.0,,2019-04-11
ORD63787,22472,San Diego,HUB-WEST,6.0,6.0,,2019-04-12
ORD63813,8549,New York,HUB-EAST,9.0,9.0,,2019-04-12
ORD63818,37697,San Francisco,HUB-WEST,15.0,15.0,,2019-04-12
ORD63835,22347,Nashville,HUB-EAST,12.0,12.0,,2019-04-12
ORD63910,22352,San Diego,HUB-WEST,1.0,1.0,,2019-04-12
ORD63925,4155,Dallas,HUB-SOUTH,255.0,255.0,,2019-04-12
ORD63936,42273,New York,HUB-EAST,2.0,2.0,,2019-04-12
ORD64025,21410,Houston,HUB-SOUTH,2.0,2.0,,2019-04-12
ORD64033,17984,Philadelphia,HUB-EAST,18.0,42.0,,2019-04-12
ORD64047,9018,Indianapolis,HUB-MID,4.0,4.0,,2019-04-12
ORD64229,35476,Phoenix,HUB-WEST,1523.0,1523.0,,2019-04-15
ORD64240,10108,Denver,HUB-WEST,558.0,558.0,,2019-04-15
ORD64244,20940,San Francisco,HUB-WEST,446.0,446.0,,2019-04-15
ORD64266,26793,San Francisco,HUB-WEST,8.0,8.0,,2019-04-15
ORD64404,9349,San Diego,HUB-WEST,9.0,9.0,,2019-04-16
ORD64426,5324,Chicago,HUB-MID,9.0,12.0,,2019-04-16
ORD64454,3704,Los Angeles,HUB-WEST,11.0,27.0,,2019-04-16
ORD64520,1987,Fort Worth,HUB-SOUTH,23.0,23.0,,2019-04-16
ORD64589,24734,Chicago,HUB-MID,1.0,1.0,,2019-04-16
ORD64619,37604,Charlotte,HUB-EAST,1.0,1.0,,2019-04-16
ORD64675,18711,Jacksonville,HUB-EAST,2.0,2.0,,2019-04-16
ORD64676,6317,Fort Worth,HUB-SOUTH,13.0,69.0,,2019-04-16
ORD64777,13711,San Antonio,HUB-SOUTH,16.0,24.0,,2019-04-17
ORD64840,42030,New York,HUB-EAST,1.0,1.0,,2019-04-17
ORD64862,35231,Columbus,HUB-MID,1267.0,1267.0,,2019-04-17
ORD64879,43332,Charlotte,HUB-EAST,2.0,2.0,,2019-04-17
ORD64956,38155,New York,HUB-EAST,1.0,1.0,,2019-04-17
ORD65077,38298,Columbus,HUB-MID,206.0,206.0,,2019-04-18
ORD65111,17428,Seattle,HUB-WEST,10.0,10.0,,2019-04-18
ORD65152,39588,Houston,HUB-SOUTH,1.0,1.0,,2019-04-18
ORD65202,23746,San Antonio,HUB-SOUTH,38.0,93.0,,2019-04-18
ORD65253,20482,Seattle,HUB-WEST,109.0,109.0,,2019-04-18
ORD65283,37825,Seattle,HUB-WEST,1.0,1.0,,2019-04-18
ORD65288,41046,Los Angeles,HUB-WEST,1.0,1.0,,2019-04-18
ORD65430,1373,Philadelphia,HUB-EAST,15.0,18.0,,2019-04-22
ORD65438,33969,Houston,HUB-SOUTH,13.0,24.0,,2019-04-22
ORD65449,32551,Philadelphia,HUB-EAST,412.0,412.0,,2019-04-22
ORD65450,24468,Philadelphia,HUB-EAST,412.0,412.0,,2019-04-22
ORD65451,10106,San Diego,HUB-WEST,103.0,103.0,,2019-04-22
ORD65460,10102,New York,HUB-EAST,103.0,103.0,,2019-04-22
ORD65467,10100,New York,HUB-EAST,206.0,206.0,,2019-04-22
ORD65488,23487,Los Angeles,HUB-WEST,2.0,2.0,,2019-04-22
ORD65572,30232,Denver,HUB-WEST,412.0,412.0,,2019-04-22
ORD65636,22472,San Antonio,HUB-SOUTH,15.0,24.0,,2019-04-23
ORD65666,4155,Dallas,HUB-SOUTH,255.0,255.0,,2019-04-23
ORD65667,40943,Columbus,HUB-MID,125.0,357.0,,2019-04-23
ORD65710,1562,Chicago,HUB-MID,31.0,75.0,,2019-04-23
ORD65711,17502,Seattle,HUB-WEST,2.0,2.0,,2019-04-23
ORD65724,1453,Chicago,HUB-MID,19.0,33.0,,2019-04-23
ORD65785,23984,Los Angeles,HUB-WEST,107.0,107.0,,2019-04-23
ORD65855,6317,Houston,HUB-SOUTH,13.0,69.0,,2019-04-23
ORD65862,18711,Charlotte,HUB-EAST,12.0,78.0,,2019-04-23
ORD65929,13516,Houston,HUB-SOUTH,4.0,6.0,,2019-04-24
ORD65981,120,Los Angeles,HUB-WEST,24.0,24.0,,2019-04-24
ORD66094,16049,Indianapolis,HUB-MID,2.0,2.0,,2019-04-24
ORD66320,21110,Nashville,HUB-EAST,1110.0,1110.0,,2019-04-25
ORD66338,4904,San Francisco,HUB-WEST,595.0,693.0,,2019-04-25
ORD66372,24481,Dallas,HUB-SOUTH,145.0,252.0,,2019-04-25
ORD66493,8550,Austin,HUB-SOUTH,78.0,78.0,,2019-04-25
ORD66543,23851,Indianapolis,HUB-MID,6.0,9.0,,2019-04-26
ORD66546,14995,Philadelphia,HUB-EAST,8.0,9.0,,2019-04-26
ORD66557,5583,Indianapolis,HUB-MID,15.0,15.0,,2019-04-26
ORD66558,5583,Philadelphia,HUB-EAST,15.0,15.0,,2019-04-26
ORD66575,24728,Indianapolis,HUB-MID,12.0,12.0,,2019-04-26
ORD66596,30468,Indianapolis,HUB-MID,15.0,21.0,,2019-04-26
ORD66601,22350,Nashville,HUB-EAST,15.0,24.0,,2019-04-26
ORD66703,37618,San Francisco,HUB-WEST,1.0,1.0,,2019-04-26
ORD66840,24728,San Diego,HUB-WEST,300.0,300.0,,2019-04-26
ORD66881,15735,Austin,HUB-SOUTH,3.0,3.0,,2019-04-29
ORD66929,36837,New York,HUB-EAST,24.0,153.0,,2019-04-29
ORD66960,20940,Phoenix,HUB-WEST,357.0,357.0,,2019-04-29
ORD66983,3693,Los Angeles,HUB-WEST,240.0,240.0,,2019-04-29
ORD67173,42272,Seattle,HUB-WEST,21.0,21.0,,2019-04-30
ORD67197,1738,Columbus,HUB-MID,30.0,30.0,,2019-04-30
ORD67235,23756,Houston,HUB-SOUTH,7.0,7.0,,2019-04-30
ORD67247,41935,Los Angeles,HUB-WEST,102.0,102.0,,2019-04-30
ORD67286,24485,Nashville,HUB-EAST,240.0,240.0,,2019-04-30
ORD67398,1367,Chicago,HUB-MID,2.0,2.0,,2019-04-30
ORD67420,14229,Philadelphia,HUB-EAST,45.0,186.0,,2019-04-30
ORD67509,5428,Indianapolis,HUB-MID,105.0,105.0,,2019-04-30
ORD67602,18752,Philadelphia,HUB-EAST,1.0,1.0,,2019-05-02
ORD67638,6503,Austin,HUB-SOUTH,1.0,1.0,,2019-05-02
ORD67752,19131,San Diego,HUB-WEST,3.0,3.0,,2019-05-03
ORD67773,1988,Seattle,HUB-WEST,9.0,9.0,,2019-05-03
ORD67774,1985,San Francisco,HUB-WEST,9.0,9.0,,2019-05-03
ORD67811,1373,Columbus,HUB-MID,12.0,18.0,,2019-05-03
ORD67820,22472,San Francisco,HUB-WEST,15.0,24.0,,2019-05-03
ORD67824,8335,Denver,HUB-WEST,24.0,24.0,,2019-05-03
ORD67828,32551,Fort Worth,HUB-SOUTH,363.0,363.0,,2019-05-03
ORD67830,21341,San Diego,HUB-WEST,756.0,756.0,,2019-05-03
ORD67832,21110,Seattle,HUB-WEST,3600.0,3600.0,1935.0,2019-05-03
ORD67835,7245,Charlotte,HUB-EAST,3123.0,3123.0,,2019-05-03
ORD67843,35476,Seattle,HUB-WEST,680.0,680.0,,2019-05-03
ORD67845,35476,Fort Worth,HUB-SOUTH,102.0,102.0,,2019-05-03
ORD67863,10101,San Jose,HUB-WEST,508.0,508.0,,2019-05-03
ORD68037,30232,Fort Worth,HUB-SOUTH,794.0,794.0,,2019-05-03
ORD68038,30232,Jacksonville,HUB-EAST,106.0,106.0,,2019-05-03
ORD68086,11406,Dallas,HUB-SOUTH,3168.0,3168.0,,2019-05-06
ORD68099,37167,New York,HUB-EAST,78.0,78.0,,2019-05-06
ORD68125,43149,Denver,HUB-WEST,1559.0,1559.0,,2019-05-06
ORD68176,23768,Nashville,HUB-EAST,52.0,75.0,,2019-05-06
ORD68238,30923,New York,HUB-EAST,12.0,12.0,,2019-05-07
ORD68337,28095,New York,HUB-EAST,64.0,120.0,,2019-05-07
ORD68433,40168,Seattle,HUB-WEST,2.0,3.0,,2019-05-08
ORD68486,39327,Houston,HUB-SOUTH,7.0,15.0,,2019-05-08
ORD68581,25130,San Antonio,HUB-SOUTH,37.0,37.0,,2019-05-08
ORD68608,28269,Denver,HUB-WEST,7.0,7.0,,2019-05-08
ORD68700,23984,Dallas,HUB-SOUTH,188.0,188.0,,2019-05-08
ORD68839,22435,Columbus,HUB-MID,31.0,45.0,,2019-05-09
ORD68876,875,Los Angeles,HUB-WEST,5.0,5.0,,2019-05-09
ORD68949,18473,Houston,HUB-SOUTH,2.0,3.0,,2019-05-10
ORD69059,27021,Dallas,HUB-SOUTH,14.0,14.0,,2019-05-10
ORD69278,36709,San Diego,HUB-WEST,71.0,93.0,,2019-05-10
ORD69279,42142,Indianapolis,HUB-MID,2.0,2.0,,2019-05-10
ORD69314,31677,Philadelphia,HUB-EAST,6.0,6.0,,2019-05-13
ORD69319,22091,Fort Worth,HUB-SOUTH,9.0,9.0,,2019-05-13
ORD69329,1567,Dallas,HUB-SOUTH,15.0,15.0,,2019-05-13
ORD69412,34186,New York,HUB-EAST,5.0,5.0,,2019-05-13
ORD69413,3693,New York,HUB-EAST,115.0,363.0,,2019-05-13
ORD69415,24481,San Diego,HUB-WEST,40.0,40.0,,2019-05-13
ORD69446,5527,Columbus,HUB-MID,2.0,2.0,,2019-05-13
ORD69517,3589,Los Angeles,HUB-WEST,3.0,3.0,,2019-05-14
ORD69595,36839,Charlotte,HUB-EAST,5.0,5.0,,2019-05-14
ORD69599,40943,Austin,HUB-SOUTH,20.0,20.0,,2019-05-14
ORD69652,37824,New York,HUB-EAST,1.0,1.0,,2019-05-14
ORD69666,23489,Chicago,HUB-MID,41.0,41.0,,2019-05-14
ORD69672,6381,San Diego,HUB-WEST,1.0,1.0,,2019-05-14
ORD69842,35180,Austin,HUB-SOUTH,20.0,20.0,,2019-05-15
ORD69853,2018,Seattle,HUB-WEST,88.0,88.0,,2019-05-15
ORD69989,14418,San Jose,HUB-WEST,1.0,1.0,,2019-05-15
ORD70033,6913,Jacksonville,HUB-EAST,36.0,57.0,,2019-05-15
ORD70043,8549,San Diego,HUB-WEST,4.0,4.0,,2019-05-15
ORD70159,4752,Dallas,HUB-SOUTH,156.0,156.0,,2019-05-16
ORD70170,1705,Dallas,HUB-SOUTH,5.0,5.0,,2019-05-16
ORD70186,8944,San Jose,HUB-WEST,1.0,1.0,,2019-05-16
ORD70210,22346,San Jose,HUB-WEST,71.0,75.0,,2019-05-16
ORD70217,9255,Indianapolis,HUB-MID,23.0,42.0,,2019-05-16
ORD70491,26488,San Antonio,HUB-SOUTH,65.0,117.0,,2019-05-17
ORD70581,35002,Columbus,HUB-MID,1.0,1.0,,2019-05-17
ORD70584,40436,Columbus,HUB-MID,2.0,2.0,,2019-05-17
ORD70636,1362,Fort Worth,HUB-SOUTH,58.0,66.0,,2019-05-17
ORD70662,36443,Houston,HUB-SOUTH,1.0,1.0,,2019-05-17
ORD70801,21944,Jacksonville,HUB-EAST,31.0,31.0,,2019-05-20
ORD70802,12723,San Antonio,HUB-SOUTH,1.0,1.0,,2019-05-20
ORD70901,33203,Charlotte,HUB-EAST,3.0,3.0,,2019-05-21
ORD71001,270,Indianapolis,HUB-MID,10.0,10.0,,2019-05-21
ORD71071,42906,Los Angeles,HUB-WEST,1.0,1.0,,2019-05-21
ORD71082,22865,Columbus,HUB-MID,19.0,19.0,,2019-05-21
ORD71085,23825,Fort Worth,HUB-SOUTH,7.0,7.0,,2019-05-21
ORD71093,4369,Indianapolis,HUB-MID,48.0,48.0,,2019-05-21
ORD71094,25720,Chicago,HUB-MID,48.0,48.0,,2019-05-21
ORD71149,5519,Charlotte,HUB-EAST,54.0,54.0,,2019-05-21
ORD71310,40691,Nashville,HUB-EAST,12.0,21.0,,2019-05-22
ORD71353,43508,San Jose,HUB-WEST,1.0,1.0,,2019-05-22
ORD71380,1974,Indianapolis,HUB-MID,109.0,109.0,,2019-05-22
ORD71431,767,Los Angeles,HUB-WEST,21.0,33.0,,2019-05-22
ORD71549,4370,Chicago,HUB-MID,48.0,48.0,,2019-05-22
ORD71640,9599,Denver,HUB-WEST,5.0,5.0,,2019-05-22
ORD71760,4904,Phoenix,HUB-WEST,2.0,2.0,,2019-05-23
ORD71945,40880,Charlotte,HUB-EAST,7.0,9.0,,2019-05-24
ORD72029,14382,San Antonio,HUB-SOUTH,17.0,60.0,,2019-05-24
ORD72145,35473,Seattle,HUB-WEST,25.0,25.0,,2019-05-24
ORD72223,1967,Denver,HUB-WEST,5.0,5.0,,2019-05-24
ORD72239,35378,Denver,HUB-WEST,7.0,30.0,,2019-05-24
ORD72305,20414,Jacksonville,HUB-EAST,4.0,6.0,,2019-05-27
ORD72308,13930,Los Angeles,HUB-WEST,9.0,9.0,,2019-05-27
ORD72355,20886,Charlotte,HUB-EAST,16.0,27.0,,2019-05-27
ORD72364,39930,Fort Worth,HUB-SOUTH,1.0,1.0,,2019-05-27
ORD72402,40631,San Francisco,HUB-WEST,1.0,1.0,,2019-05-27
ORD72442,22788,Fort Worth,HUB-SOUTH,1.0,1.0,,2019-05-27
ORD72467,16805,Jacksonville,HUB-EAST,1.0,1.0,,2019-05-27
ORD72471,41721,Houston,HUB-SOUTH,2.0,2.0,,2019-05-27
ORD72548,22010,San Antonio,HUB-SOUTH,3.0,3.0,,2019-05-28
ORD72550,22012,Dallas,HUB-SOUTH,3.0,3.0,,2019-05-28
ORD72666,36451,Nashville,HUB-EAST,1.0,1.0,,2019-05-28
ORD72678,4155,San Francisco,HUB-WEST,37.0,37.0,,2019-05-28
ORD72695,22010,San Francisco,HUB-WEST,78.0,315.0,,2019-05-28
ORD72705,40383,Jacksonville,HUB-EAST,1.0,1.0,,2019-05-28
ORD72729,34186,Seattle,HUB-WEST,1.0,1.0,,2019-05-28
ORD72803,42264,Indianapolis,HUB-MID,131.0,131.0,,2019-05-28
ORD72846,33907,Fort Worth,HUB-SOUTH,295.0,345.0,,2019-05-28
ORD72970,28095,Fort Worth,HUB-SOUTH,18.0,18.0,,2019-05-29
ORD73018,1989,Austin,HUB-SOUTH,343.0,343.0,,2019-05-29
ORD73032,41756,Philadelphia,HUB-EAST,7.0,7.0,,2019-05-29
ORD73066,21372,Dallas,HUB-SOUTH,220.0,237.0,,2019-05-29
ORD73068,22840,Columbus,HUB-MID,112.0,156.0,,2019-05-29
ORD73099,22350,Fort Worth,HUB-SOUTH,2.0,2.0,,2019-05-29
ORD73101,22350,Dallas,HUB-SOUTH,5.0,5.0,,2019-05-29
ORD73154,25588,Austin,HUB-SOUTH,1.0,1.0,,2019-05-29
ORD73282,22474,San Diego,HUB-WEST,2.0,2.0,,2019-05-29
ORD73292,43706,Fort Worth,HUB-SOUTH,7.0,7.0,,2019-05-29
ORD73358,24545,Denver,HUB-WEST,5.0,12.0,,2019-05-30
ORD73381,9602,Philadelphia,HUB-EAST,384.0,2178.0,,2019-05-30
ORD73439,39009,Chicago,HUB-MID,1.0,1.0,,2019-05-30
ORD73529,18634,Austin,HUB-SOUTH,4.0,4.0,,2019-05-30
ORD73629,4369,Philadelphia,HUB-EAST,6.0,6.0,,2019-05-31
ORD73659,39342,Dallas,HUB-SOUTH,11.0,15.0,,2019-05-31
ORD73673,3693,Phoenix,HUB-WEST,3.0,12.0,,2019-05-31
ORD73715,19309,Indianapolis,HUB-MID,340.0,340.0,,2019-05-31
ORD73723,22418,Austin,HUB-SOUTH,307.0,1542.0,,2019-05-31
ORD73900,42664,San Francisco,HUB-WEST,2.0,2.0,,2019-05-31
ORD73991,19906,Phoenix,HUB-WEST,36.0,36.0,,2019-05-31
ORD74023,8550,Philadelphia,HUB-EAST,53.0,53.0,,2019-05-31
ORD74045,8550,Houston,HUB-SOUTH,2.0,2.0,,2019-05-31
ORD74087,38157,San Diego,HUB-WEST,27.0,27.0,,2019-06-03
ORD74137,43471,Denver,HUB-WEST,2.0,2.0,,2019-06-03
ORD74293,40378,Nashville,HUB-EAST,10.0,10.0,,2019-06-04
ORD74296,23336,San Antonio,HUB-SOUTH,173.0,173.0,,2019-06-04
ORD74307,22012,San Antonio,HUB-SOUTH,4.0,4.0,,2019-06-04
ORD74309,22010,Columbus,HUB-MID,4.0,4.0,,2019-06-04
ORD74310,43789,Houston,HUB-SOUTH,2.0,2.0,,2019-06-04
ORD74384,37688,Philadelphia,HUB-EAST,31.0,42.0,,2019-06-04
ORD74492,38299,Los Angeles,HUB-WEST,2.0,3.0,,2019-06-05
ORD74554,21456,Jacksonville,HUB-EAST,21.0,21.0,,2019-06-05
ORD74601,42077,Charlotte,HUB-EAST,45.0,45.0,,2019-06-05
ORD74687,37824,Dallas,HUB-SOUTH,1.0,1.0,,2019-06-05
ORD74713,42264,Philadelphia,HUB-EAST,8.0,8.0,,2019-06-05
ORD74716,42264,Dallas,HUB-SOUTH,1.0,1.0,,2019-06-05
ORD74719,8063,Jacksonville,HUB-EAST,1.0,1.0,,2019-06-05
ORD74721,33887,Chicago,HUB-MID,1.0,1.0,,2019-06-05
ORD74726,37533,San Antonio,HUB-SOUTH,1.0,1.0,,2019-06-05
ORD75008,40939,Jacksonville,HUB-EAST,15.0,15.0,,2019-06-07
ORD75031,40383,Columbus,HUB-MID,12.0,21.0,,2019-06-07
ORD75052,39166,Los Angeles,HUB-WEST,2.0,2.0,,2019-06-07
ORD75140,32802,Fort Worth,HUB-SOUTH,29.0,66.0,,2019-06-07
ORD75269,36764,San Antonio,HUB-SOUTH,1.0,3.0,,2019-06-10
ORD75295,38038,Seattle,HUB-WEST,10.0,15.0,,2019-06-10
ORD75437,33887,Columbus,HUB-MID,1.0,1.0,,2019-06-10
ORD75451,6317,Indianapolis,HUB-MID,13.0,69.0,,2019-06-10
ORD75470,43300,Indianapolis,HUB-MID,3.0,3.0,,2019-06-11
ORD75477,36763,Indianapolis,HUB-MID,2.0,3.0,,2019-06-11
ORD75534,36961,Chicago,HUB-MID,17.0,21.0,,2019-06-11
ORD75570,41105,Fort Worth,HUB-SOUTH,27.0,36.0,,2019-06-11
ORD75626,10396,Fort Worth,HUB-SOUTH,25.0,36.0,,2019-06-11
ORD75632,34589,Dallas,HUB-SOUTH,1.0,1.0,,2019-06-11
ORD75688,43890,Los Angeles,HUB-WEST,1.0,1.0,,2019-06-11
ORD75767,43271,San Diego,HUB-WEST,56.0,56.0,,2019-06-11
ORD75877,10147,Charlotte,HUB-EAST,9.0,9.0,,2019-06-12
ORD75894,2018,Los Angeles,HUB-WEST,4.0,12.0,,2019-06-12
ORD75917,40383,Seattle,HUB-WEST,12.0,21.0,,2019-06-12
ORD75925,31252,Nashville,HUB-EAST,10.0,24.0,,2019-06-12
ORD75976,16843,San Jose,HUB-WEST,109.0,109.0,,2019-06-12
ORD75999,15417,San Antonio,HUB-SOUTH,11.0,11.0,,2019-06-12
ORD76110,120,San Francisco,HUB-WEST,2.0,2.0,,2019-06-12
ORD76187,8732,Phoenix,HUB-WEST,9.0,9.0,,2019-06-13
ORD76323,24772,San Diego,HUB-WEST,2.0,2.0,,2019-06-13
ORD76552,3567,Nashville,HUB-EAST,1584.0,1584.0,,2019-06-14
ORD76716,22934,Nashville,HUB-EAST,136.0,136.0,,2019-06-14
ORD76754,8551,Indianapolis,HUB-MID,86.0,86.0,,2019-06-14
ORD76786,15283,Phoenix,HUB-WEST,3.0,3.0,,2019-06-17
ORD76893,26492,Fort Worth,HUB-SOUTH,1.0,1.0,,2019-06-17
ORD76913,40383,Nashville,HUB-EAST,2.0,2.0,,2019-06-17
ORD76923,43110,Austin,HUB-SOUTH,1.0,1.0,,2019-06-17
ORD76925,42785,Los Angeles,HUB-WEST,20.0,20.0,,2019-06-17
ORD76926,7116,Seattle,HUB-WEST,33.0,51.0,,2019-06-17
ORD76947,36469,Indianapolis,HUB-MID,7.0,7.0,,2019-06-17
ORD76979,24100,Nashville,HUB-EAST,43.0,48.0,,2019-06-17
ORD77019,43464,San Francisco,HUB-WEST,2.0,3.0,,2019-06-18
ORD77062,3060,Phoenix,HUB-WEST,12.0,12.0,,2019-06-18
ORD77065,40943,Columbus,HUB-MID,12.0,12.0,,2019-06-18
ORD77067,295,Denver,HUB-WEST,10.0,12.0,,2019-06-18
ORD77089,18328,Los Angeles,HUB-WEST,13.0,27.0,,2019-06-18
ORD77189,22788,Los Angeles,HUB-WEST,7.0,7.0,,2019-06-18
ORD77216,446,Los Angeles,HUB-WEST,5.0,5.0,,2019-06-18
ORD77284,24928,Chicago,HUB-MID,1.0,1.0,,2019-06-18
ORD77296,37533,Dallas,HUB-SOUTH,8.0,8.0,,2019-06-18
ORD77483,21245,Nashville,HUB-EAST,50.0,50.0,,2019-06-19
ORD77486,21236,Nashville,HUB-EAST,50.0,50.0,,2019-06-19
ORD77513,21243,Phoenix,HUB-WEST,50.0,50.0,,2019-06-19
ORD77596,21244,Nashville,HUB-EAST,50.0,50.0,,2019-06-19
ORD77604,21238,San Jose,HUB-WEST,50.0,50.0,,2019-06-19
ORD77663,42996,Charlotte,HUB-EAST,3.0,3.0,5.0,2019-06-21
ORD77674,34496,San Antonio,HUB-SOUTH,3.0,3.0,,2019-06-21
ORD77689,832,Philadelphia,HUB-EAST,5.0,6.0,,2019-06-21
ORD77753,1262,Seattle,HUB-WEST,18.0,18.0,,2019-06-21
ORD77763,31175,Los Angeles,HUB-WEST,4.0,18.0,,2019-06-21
ORD77819,1450,Columbus,HUB-MID,74.0,74.0,,2019-06-21
ORD77840,42996,San Jose,HUB-WEST,4.0,4.0,,2019-06-21
ORD77902,42151,Jacksonville,HUB-EAST,2.0,2.0,3.0,2019-06-21
ORD78104,4752,San Antonio,HUB-SOUTH,6.0,6.0,,2019-06-24
ORD78108,33205,Charlotte,HUB-EAST,6.0,6.0,,2019-06-24
ORD78159,21110,Fort Worth,HUB-SOUTH,220.0,220.0,,2019-06-24
ORD78161,21110,New York,HUB-EAST,336.0,900.0,816.0,2019-06-24
ORD78162,21110,Los Angeles,HUB-WEST,955.0,955.0,,2019-06-24
ORD78165,21814,Columbus,HUB-MID,162.0,321.0,,2019-06-24
ORD78183,1167,Philadelphia,HUB-EAST,7.0,7.0,,2019-06-24
ORD78188,29484,Seattle,HUB-WEST,2.0,2.0,,2019-06-24
ORD78242,25812,Houston,HUB-SOUTH,1.0,1.0,,2019-06-24
ORD78254,22719,Dallas,HUB-SOUTH,143.0,143.0,,2019-06-24
ORD78435,3063,San Diego,HUB-WEST,30.0,102.0,,2019-06-25
ORD78439,40943,Chicago,HUB-MID,67.0,324.0,,2019-06-25
ORD78460,26488,San Jose,HUB-WEST,19.0,33.0,,2019-06-25
ORD78534,3693,San Diego,HUB-WEST,42.0,111.0,,2019-06-25
ORD78631,24726,Philadelphia,HUB-EAST,2.0,2.0,,2019-06-25
ORD78670,20486,Philadelphia,HUB-EAST,3.0,3.0,,2019-06-26
ORD78691,26474,Austin,HUB-SOUTH,9.0,9.0,,2019-06-26
ORD78694,4141,Fort Worth,HUB-SOUTH,8.0,9.0,,2019-06-26
ORD78716,897,Nashville,HUB-EAST,12.0,12.0,,2019-06-26
ORD78748,10055,Austin,HUB-SOUTH,9.0,27.0,,2019-06-26
ORD78943,24728,Jacksonville,HUB-EAST,603.0,1566.0,,2019-06-26
ORD79036,37950,Indianapolis,HUB-MID,4614.0,4614.0,,2019-06-27
ORD79084,33338,New York,HUB-EAST,110.0,110.0,,2019-06-27
ORD79167,9601,Columbus,HUB-MID,5.0,5.0,,2019-06-27
ORD79249,36629,Nashville,HUB-EAST,15.0,15.0,,2019-06-28
ORD79259,24485,Jacksonville,HUB-EAST,12.0,12.0,,2019-06-28
ORD79311,27021,Phoenix,HUB-WEST,30.0,30.0,,2019-06-28
ORD79408,34186,Indianapolis,HUB-MID,23.0,129.0,,2019-06-28
ORD79468,13152,Nashville,HUB-EAST,36.0,36.0,,2019-06-28
ORD79601,41200,Denver,HUB-WEST,1.0,1.0,,2019-06-29
ORD79732,33460,Denver,HUB-WEST,194.0,198.0,,2019-06-29
ORD79738,41598,San Jose,HUB-WEST,377.0,744.0,960.0,2019-06-29
ORD79750,21110,Phoenix,HUB-WEST,741.0,759.0,,2019-07-01
ORD79766,37951,Fort Worth,HUB-SOUTH,51.0,51.0,,2019-07-01
ORD79813,42458,Seattle,HUB-WEST,173.0,173.0,,2019-07-01
ORD79855,18800,Houston,HUB-SOUTH,7.0,9.0,,2019-07-02
ORD79914,22712,Los Angeles,HUB-WEST,10.0,10.0,,2019-07-02
ORD79956,37167,Philadelphia,HUB-EAST,208.0,208.0,,2019-07-02
ORD79964,10100,Dallas,HUB-SOUTH,94.0,94.0,,2019-07-02
ORD80059,37544,Indianapolis,HUB-MID,29.0,29.0,,2019-07-02
ORD80080,38471,Denver,HUB-WEST,2.0,3.0,,2019-07-03
ORD80168,37306,Philadelphia,HUB-EAST,13.0,24.0,,2019-07-03
ORD80286,22835,Columbus,HUB-MID,10.0,10.0,,2019-07-03
ORD80368,3589,San Diego,HUB-WEST,10.0,10.0,,2019-07-03
ORD80408,21076,Dallas,HUB-SOUTH,6.0,6.0,,2019-07-04
ORD80416,8439,Dallas,HUB-SOUTH,9.0,9.0,,2019-07-04
ORD80491,11406,Philadelphia,HUB-EAST,4488.0,4488.0,,2019-07-04
ORD80524,10223,San Antonio,HUB-SOUTH,1.0,1.0,,2019-07-04
ORD80531,22351,San Diego,HUB-WEST,450.0,450.0,,2019-07-04
ORD80597,6969,Philadelphia,HUB-EAST,38.0,69.0,,2019-07-04
ORD80660,8289,San Antonio,HUB-SOUTH,10.0,15.0,,2019-07-05
ORD80665,38668,San Diego,HUB-WEST,12.0,12.0,,2019-07-05
ORD80736,43301,Jacksonville,HUB-EAST,406.0,406.0,,2019-07-05
ORD80746,1989,Denver,HUB-WEST,99.0,99.0,,2019-07-05
ORD80798,19892,Nashville,HUB-EAST,18.0,30.0,,2019-07-05
ORD80845,35378,Denver,HUB-WEST,9.0,36.0,,2019-07-05
ORD81030,18711,Columbus,HUB-MID,2.0,3.0,,2019-07-09
ORD81073,42226,Charlotte,HUB-EAST,12.0,12.0,18.0,2019-07-09
ORD81160,13966,Jacksonville,HUB-EAST,2.0,2.0,,2019-07-09
ORD81183,36451,Dallas,HUB-SOUTH,87.0,129.0,,2019-07-09
ORD81231,34186,Chicago,HUB-MID,87.0,129.0,,2019-07-09
ORD81246,41546,Dallas,HUB-SOUTH,2.0,2.0,3.0,2019-07-09
ORD81338,20997,San Diego,HUB-WEST,25.0,25.0,,2019-07-09
ORD81621,23536,Jacksonville,HUB-EAST,39.0,60.0,,2019-07-10
ORD81698,42784,Houston,HUB-SOUTH,60.0,60.0,,2019-07-11
ORD81708,4259,San Francisco,HUB-WEST,40.0,40.0,,2019-07-11
ORD81724,2071,Austin,HUB-SOUTH,4.0,4.0,,2019-07-11
ORD81744,25941,San Francisco,HUB-WEST,7.0,7.0,,2019-07-11
ORD81759,42996,Los Angeles,HUB-WEST,1.0,1.0,,2019-07-11
ORD81887,32549,Indianapolis,HUB-MID,5.0,15.0,,2019-07-12
ORD81967,42940,San Francisco,HUB-WEST,5.0,5.0,,2019-07-12
ORD81975,38349,San Francisco,HUB-WEST,11.0,11.0,,2019-07-12
ORD81996,39910,Los Angeles,HUB-WEST,108.0,108.0,,2019-07-12
ORD82007,42810,Houston,HUB-SOUTH,97.0,681.0,,2019-07-12
ORD82009,1989,San Antonio,HUB-SOUTH,756.0,756.0,,2019-07-12
ORD82034,43227,Charlotte,HUB-EAST,388.0,2724.0,,2019-07-12
ORD82051,6211,San Francisco,HUB-WEST,2.0,2.0,3.0,2019-07-12
ORD82056,24012,San Antonio,HUB-SOUTH,76.0,76.0,,2019-07-12
ORD82151,22719,San Diego,HUB-WEST,200.0,200.0,,2019-07-12
ORD82161,43599,San Antonio,HUB-SOUTH,3.0,3.0,,2019-07-15
ORD82208,21110,Jacksonville,HUB-EAST,336.0,900.0,816.0,2019-07-15
ORD82329,31058,Houston,HUB-SOUTH,10.0,15.0,,2019-07-16
ORD82341,1664,San Diego,HUB-WEST,9.0,18.0,,2019-07-16
ORD82348,30384,Chicago,HUB-MID,24.0,24.0,,2019-07-16
ORD82414,1360,Columbus,HUB-MID,40.0,40.0,,2019-07-16
ORD82461,31058,San Diego,HUB-WEST,1.0,1.0,,2019-07-16
ORD82487,3373,Columbus,HUB-MID,19.0,19.0,,2019-07-16
ORD82506,6317,Chicago,HUB-MID,13.0,69.0,,2019-07-16
ORD82859,12653,Dallas,HUB-SOUTH,21.0,21.0,,2019-07-18
ORD82882,37697,Houston,HUB-SOUTH,10.0,10.0,,2019-07-18
ORD82887,42996,San Jose,HUB-WEST,40.0,40.0,,2019-07-18
ORD82888,42996,Charlotte,HUB-EAST,1.0,1.0,,2019-07-18
ORD82910,38113,Seattle,HUB-WEST,2.0,2.0,,2019-07-18
ORD82984,811,Charlotte,HUB-EAST,48.0,48.0,,2019-07-18
ORD83068,7677,Columbus,HUB-MID,5.0,9.0,,2019-07-19
ORD83077,40939,Phoenix,HUB-WEST,12.0,12.0,,2019-07-19
ORD83106,21110,Indianapolis,HUB-MID,5529.0,5529.0,,2019-07-19
ORD83155,41726,Fort Worth,HUB-SOUTH,75.0,102.0,,2019-07-19
ORD83175,43227,Charlotte,HUB-EAST,388.0,2724.0,,2019-07-19
ORD83183,22351,Nashville,HUB-EAST,1048.0,1048.0,,2019-07-19
ORD83228,40493,San Jose,HUB-WEST,10.0,10.0,,2019-07-19
ORD83259,6317,Houston,HUB-SOUTH,13.0,69.0,,2019-07-19
ORD83300,36764,Charlotte,HUB-EAST,1.0,3.0,,2019-07-22
ORD83445,35296,Phoenix,HUB-WEST,56.0,56.0,,2019-07-22
ORD83555,9599,New York,HUB-EAST,4.0,9.0,,2019-07-23
ORD83558,40279,San Diego,HUB-WEST,4.0,9.0,,2019-07-23
ORD83573,35952,Chicago,HUB-MID,4.0,9.0,,2019-07-23
ORD83629,40943,Austin,HUB-SOUTH,8.0,8.0,,2019-07-23
ORD83700,35296,San Francisco,HUB-WEST,14.0,14.0,,2019-07-23
ORD83704,28095,Chicago,HUB-MID,5.0,5.0,,2019-07-23
ORD83764,919,Charlotte,HUB-EAST,13.0,13.0,,2019-07-23
ORD83827,40041,Denver,HUB-WEST,4.0,4.0,,2019-07-23
ORD83902,9603,Denver,HUB-WEST,4.0,9.0,,2019-07-24
ORD83966,36627,Jacksonville,HUB-EAST,2.0,2.0,,2019-07-24
ORD83990,27021,Fort Worth,HUB-SOUTH,5.0,5.0,,2019-07-24
ORD84050,42810,Houston,HUB-SOUTH,40.0,40.0,,2019-07-24
ORD84080,38333,Columbus,HUB-MID,10.0,10.0,,2019-07-24
ORD84190,25410,Los Angeles,HUB-WEST,10.0,12.0,,2019-07-25
ORD84246,22828,Nashville,HUB-EAST,5.0,5.0,,2019-07-25
ORD84325,15675,Dallas,HUB-SOUTH,1.0,1.0,,2019-07-25
ORD84341,22474,Los Angeles,HUB-WEST,2.0,2.0,,2019-07-25
ORD84374,1556,San Antonio,HUB-SOUTH,3.0,3.0,,2019-07-26
ORD84463,8063,Fort Worth,HUB-SOUTH,180.0,1155.0,,2019-07-26
ORD84499,37658,Charlotte,HUB-EAST,24.0,69.0,,2019-07-26
ORD84512,22472,Seattle,HUB-WEST,1.0,1.0,,2019-07-26
ORD84560,30036,Los Angeles,HUB-WEST,956.0,1716.0,269.0,2019-07-26
ORD84564,37824,Fort Worth,HUB-SOUTH,180.0,1155.0,,2019-07-26
ORD84575,42264,New York,HUB-EAST,180.0,1155.0,,2019-07-26
ORD84661,19456,Jacksonville,HUB-EAST,5.0,6.0,,2019-07-29
ORD84701,24292,Seattle,HUB-WEST,14.0,14.0,,2019-07-29
ORD84702,34463,Dallas,HUB-SOUTH,360.0,2310.0,,2019-07-29
ORD84716,36687,San Francisco,HUB-WEST,342.0,342.0,,2019-07-29
ORD84919,42080,Nashville,HUB-EAST,4.0,4.0,,2019-07-30
ORD84922,40943,New York,HUB-EAST,4.0,4.0,,2019-07-30
ORD84934,43143,Austin,HUB-SOUTH,20.0,36.0,,2019-07-30
ORD84967,24485,San Diego,HUB-WEST,262.0,262.0,,2019-07-30
ORD85016,30036,Jacksonville,HUB-EAST,10.0,10.0,,2019-07-30
ORD85085,18711,New York,HUB-EAST,262.0,262.0,,2019-07-30
ORD85089,21962,Jacksonville,HUB-EAST,5.0,5.0,,2019-07-30
ORD85148,26488,Columbus,HUB-MID,4.0,9.0,,2019-07-31
ORD85256,8944,Los Angeles,HUB-WEST,20.0,20.0,,2019-07-31
ORD85365,23984,San Francisco,HUB-WEST,177.0,177.0,,2019-07-31
ORD85384,20646,San Jose,HUB-WEST,4.0,4.0,,2019-07-31
ORD85385,17755,New York,HUB-EAST,42.0,42.0,,2019-07-31
ORD85416,43118,San Francisco,HUB-WEST,2.0,3.0,,2019-08-01
ORD85449,42896,San Francisco,HUB-WEST,12.0,12.0,18.0,2019-08-01
ORD85461,40934,San Jose,HUB-WEST,18.0,18.0,,2019-08-01
ORD85498,34463,Jacksonville,HUB-EAST,4.0,4.0,,2019-08-01
ORD85516,42249,San Diego,HUB-WEST,34.0,34.0,,2019-08-01
ORD85528,28969,Charlotte,HUB-EAST,230.0,1308.0,,2019-08-01
ORD85556,19548,Los Angeles,HUB-WEST,2.0,2.0,,2019-08-01
ORD85570,22351,Seattle,HUB-WEST,762.0,762.0,,2019-08-01
ORD85598,38713,Charlotte,HUB-EAST,19.0,30.0,,2019-08-01
ORD85698,5732,Charlotte,HUB-EAST,13.0,18.0,,2019-08-02
ORD85873,17449,Fort Worth,HUB-SOUTH,6.0,6.0,,2019-08-05
ORD85932,24485,Houston,HUB-SOUTH,111.0,111.0,,2019-08-05
ORD85963,40558,Los Angeles,HUB-WEST,25.0,36.0,,2019-08-05
ORD85982,35272,Houston,HUB-SOUTH,4.0,4.0,,2019-08-05
ORD86117,38098,Houston,HUB-SOUTH,23.0,23.0,,2019-08-06
ORD86145,35305,San Antonio,HUB-SOUTH,23.0,23.0,,2019-08-06
ORD86167,37877,Nashville,HUB-EAST,23.0,23.0,,2019-08-06
ORD86286,42662,Charlotte,HUB-EAST,5.0,9.0,,2019-08-07
ORD86374,42476,Chicago,HUB-MID,1.0,1.0,,2019-08-07
ORD86434,40495,Jacksonville,HUB-EAST,1.0,1.0,,2019-08-07
ORD86450,37008,Phoenix,HUB-WEST,23.0,23.0,,2019-08-07
ORD86499,18711,Houston,HUB-SOUTH,4.0,4.0,6.0,2019-08-07
ORD86632,31085,San Jose,HUB-WEST,4.0,4.0,,2019-08-08
ORD86634,35293,San Jose,HUB-WEST,47.0,47.0,,2019-08-08
ORD86642,10653,Los Angeles,HUB-WEST,2.0,2.0,,2019-08-08
ORD86654,3060,Seattle,HUB-WEST,8.0,8.0,,2019-08-08
ORD86655,41982,Columbus,HUB-MID,14.0,36.0,,2019-08-08
ORD86678,8792,Charlotte,HUB-EAST,1.0,1.0,,2019-08-08
ORD86768,38436,Houston,HUB-SOUTH,23.0,23.0,,2019-08-08
ORD86774,37782,San Diego,HUB-WEST,41.0,63.0,,2019-08-08
ORD86908,24726,San Jose,HUB-WEST,12.0,12.0,,2019-08-09
ORD86922,40356,Charlotte,HUB-EAST,13.0,21.0,,2019-08-09
ORD86925,37231,Houston,HUB-SOUTH,21.0,21.0,,2019-08-09
ORD87021,13199,Phoenix,HUB-WEST,5.0,5.0,,2019-08-09
ORD87064,20915,Nashville,HUB-EAST,26.0,36.0,,2019-08-09
ORD87110,30036,Phoenix,HUB-WEST,23.0,23.0,,2019-08-09
ORD87137,575,Columbus,HUB-MID,23.0,23.0,,2019-08-09
ORD87154,42104,San Jose,HUB-WEST,5.0,5.0,,2019-08-09
ORD87203,6317,Fort Worth,HUB-SOUTH,13.0,69.0,,2019-08-09
ORD87229,42585,Dallas,HUB-SOUTH,5.0,5.0,,2019-08-09
ORD87231,37883,San Diego,HUB-WEST,36.0,42.0,,2019-08-09
ORD87240,38836,New York,HUB-EAST,10.0,10.0,,2019-08-09
ORD87274,29003,Charlotte,HUB-EAST,5.0,6.0,,2019-08-12
ORD87347,41750,San Francisco,HUB-WEST,4.0,4.0,,2019-08-12
ORD87456,14480,San Francisco,HUB-WEST,16.0,16.0,,2019-08-12
ORD87529,9601,Austin,HUB-SOUTH,12.0,12.0,,2019-08-13
ORD87530,9603,Nashville,HUB-EAST,12.0,12.0,,2019-08-13
ORD87531,35952,San Diego,HUB-WEST,12.0,12.0,,2019-08-13
ORD87534,9599,Denver,HUB-WEST,18.0,18.0,,2019-08-13
ORD87745,40279,San Diego,HUB-WEST,20.0,20.0,,2019-08-13
ORD87751,25217,Seattle,HUB-WEST,2.0,2.0,,2019-08-13
ORD87755,41119,Seattle,HUB-WEST,8.0,8.0,,2019-08-13
ORD87756,9600,Philadelphia,HUB-EAST,8.0,8.0,,2019-08-13
ORD87897,13200,Fort Worth,HUB-SOUTH,1.0,1.0,,2019-08-14
ORD87909,16965,Indianapolis,HUB-MID,1.0,1.0,,2019-08-14
ORD87918,42896,San Jose,HUB-WEST,39.0,39.0,,2019-08-14
ORD87919,42896,San Francisco,HUB-WEST,1.0,1.0,,2019-08-14
ORD87922,10102,Austin,HUB-SOUTH,12.0,78.0,,2019-08-14
ORD87923,10183,Houston,HUB-SOUTH,11.0,11.0,,2019-08-14
ORD87924,10106,Seattle,HUB-WEST,12.0,78.0,,2019-08-14
ORD87926,41791,Charlotte,HUB-EAST,2.0,2.0,3.0,2019-08-14
ORD88027,5816,Denver,HUB-WEST,7.0,7.0,,2019-08-14
ORD88088,8335,Philadelphia,HUB-EAST,161.0,240.0,,2019-08-14
ORD88095,40995,New York,HUB-EAST,4.0,4.0,6.0,2019-08-14
ORD88208,18,Charlotte,HUB-EAST,20.0,30.0,,2019-08-15
ORD88292,26232,Jacksonville,HUB-EAST,54.0,81.0,,2019-08-15
ORD88329,40934,San Diego,HUB-WEST,50.0,50.0,,2019-08-15
ORD88333,9602,Denver,HUB-WEST,4.0,4.0,,2019-08-15
ORD88334,9602,San Antonio,HUB-SOUTH,50.0,54.0,,2019-08-15
ORD88352,23984,Seattle,HUB-WEST,80.0,80.0,,2019-08-15
ORD88456,21110,Phoenix,HUB-WEST,36.0,126.0,42.0,2019-08-16
ORD88529,22347,Houston,HUB-SOUTH,95.0,120.0,360.0,2019-08-16
ORD88584,22353,San Jose,HUB-WEST,114.0,144.0,432.0,2019-08-16
ORD88700,43659,Indianapolis,HUB-MID,2.0,3.0,,2019-08-19
ORD88706,1738,Denver,HUB-WEST,3.0,3.0,,2019-08-19
ORD88750,33762,San Antonio,HUB-SOUTH,27.0,27.0,,2019-08-19
ORD88771,14992,Philadelphia,HUB-EAST,5.0,5.0,,2019-08-19
ORD88807,35231,Columbus,HUB-MID,2472.0,12750.0,,2019-08-19
ORD88823,9994,Columbus,HUB-MID,377.0,744.0,720.0,2019-08-19
ORD88845,39414,San Jose,HUB-WEST,20.0,51.0,,2019-08-19
ORD88857,37824,Fort Worth,HUB-SOUTH,96.0,96.0,,2019-08-19
ORD88876,39420,Philadelphia,HUB-EAST,2.0,2.0,,2019-08-19
ORD88877,37533,Philadelphia,HUB-EAST,240.0,240.0,,2019-08-19
ORD88947,28269,Jacksonville,HUB-EAST,5.0,6.0,,2019-08-20
ORD88972,4036,Charlotte,HUB-EAST,12.0,15.0,,2019-08-20
ORD89005,40279,San Antonio,HUB-SOUTH,10.0,10.0,,2019-08-20
ORD89044,35011,Fort Worth,HUB-SOUTH,29.0,30.0,,2019-08-20
ORD89047,32245,Jacksonville,HUB-EAST,65.0,117.0,,2019-08-20
ORD89052,34589,Los Angeles,HUB-WEST,47.0,81.0,,2019-08-20
ORD89055,27807,San Diego,HUB-WEST,249.0,249.0,,2019-08-20
ORD89065,22350,Philadelphia,HUB-EAST,38.0,48.0,144.0,2019-08-20
ORD89072,7220,Chicago,HUB-MID,14.0,14.0,,2019-08-20
ORD89166,8182,Denver,HUB-WEST,4.0,4.0,6.0,2019-08-20
ORD89168,25214,San Diego,HUB-WEST,64.0,75.0,,2019-08-20
ORD89237,9599,Jacksonville,HUB-EAST,10.0,10.0,,2019-08-20
ORD89288,41889,Dallas,HUB-SOUTH,3.0,3.0,,2019-08-21
ORD89324,17573,San Jose,HUB-WEST,4.0,12.0,,2019-08-21
ORD89358,19461,Dallas,HUB-SOUTH,32.0,32.0,,2019-08-21
ORD89389,17191,New York,HUB-EAST,20.0,20.0,,2019-08-21
ORD89441,37760,Indianapolis,HUB-MID,40.0,40.0,,2019-08-21
ORD89448,36627,Philadelphia,HUB-EAST,20.0,39.0,,2019-08-21
ORD89486,38010,San Diego,HUB-WEST,10.0,10.0,,2019-08-21
ORD89633,35476,Los Angeles,HUB-WEST,353.0,353.0,,2019-08-22
ORD89657,37307,Chicago,HUB-MID,353.0,353.0,,2019-08-22
ORD89668,9994,Austin,HUB-SOUTH,13.0,66.0,,2019-08-22
ORD89673,22351,Jacksonville,HUB-EAST,5985.0,5985.0,,2019-08-22
ORD89676,22353,Indianapolis,HUB-MID,10.0,10.0,,2019-08-22
ORD89686,30036,Charlotte,HUB-EAST,10.0,10.0,,2019-08-22
ORD89876,4503,San Diego,HUB-WEST,10.0,10.0,,2019-08-23
ORD89985,24059,Phoenix,HUB-WEST,2.0,2.0,3.0,2019-08-23
ORD90090,17691,Houston,HUB-SOUTH,115.0,150.0,,2019-08-26
ORD90101,21341,Los Angeles,HUB-WEST,111.0,111.0,,2019-08-26
ORD90102,21341,Dallas,HUB-SOUTH,2516.0,2516.0,,2019-08-26
ORD90158,22472,Seattle,HUB-WEST,10.0,10.0,,2019-08-26
ORD90162,22347,Jacksonville,HUB-EAST,10.0,10.0,,2019-08-26
ORD90179,10105,Phoenix,HUB-WEST,115.0,115.0,,2019-08-26
ORD90260,7462,San Jose,HUB-WEST,6.0,6.0,9.0,2019-08-27
ORD90294,4121,Columbus,HUB-MID,11.0,12.0,,2019-08-27
ORD90354,25130,San Francisco,HUB-WEST,64.0,64.0,,2019-08-27
ORD90393,18851,San Antonio,HUB-SOUTH,4.0,4.0,6.0,2019-08-27
ORD90394,7462,Phoenix,HUB-WEST,10.0,10.0,,2019-08-27
ORD90403,22788,Philadelphia,HUB-EAST,10.0,10.0,,2019-08-27
ORD90420,28095,Seattle,HUB-WEST,10.0,10.0,,2019-08-27
ORD90425,34186,Chicago,HUB-MID,10.0,10.0,,2019-08-27
ORD90440,446,Los Angeles,HUB-WEST,5.0,5.0,,2019-08-27
ORD90470,37604,Nashville,HUB-EAST,38.0,48.0,72.0,2019-08-27
ORD90473,9785,Columbus,HUB-MID,114.0,144.0,216.0,2019-08-27
ORD90571,38669,Dallas,HUB-SOUTH,13.0,69.0,,2019-08-27
ORD90574,33759,San Francisco,HUB-WEST,22.0,22.0,,2019-08-27
ORD90587,18711,San Diego,HUB-WEST,82.0,126.0,,2019-08-27
ORD90589,18711,New York,HUB-EAST,10.0,10.0,,2019-08-27
ORD90591,18711,Houston,HUB-SOUTH,162.0,321.0,,2019-08-27
ORD90653,3990,San Jose,HUB-WEST,4.0,6.0,,2019-08-28
ORD90654,24714,Los Angeles,HUB-WEST,6.0,6.0,,2019-08-28
ORD90678,40306,San Diego,HUB-WEST,8.0,15.0,,2019-08-28
ORD90683,40934,Chicago,HUB-MID,15.0,15.0,,2019-08-28
ORD90774,40957,Denver,HUB-WEST,2.0,2.0,3.0,2019-08-28
ORD90778,40957,San Jose,HUB-WEST,40.0,171.0,,2019-08-28
ORD90830,3060,Nashville,HUB-EAST,40.0,40.0,,2019-08-28
ORD90842,19797,Seattle,HUB-WEST,306.0,306.0,,2019-08-28
ORD90862,22350,Phoenix,HUB-WEST,10.0,10.0,,2019-08-28
ORD90919,23794,Philadelphia,HUB-EAST,10.0,10.0,,2019-08-28
ORD90958,42264,Seattle,HUB-WEST,50.0,50.0,,2019-08-28
ORD90961,37144,Chicago,HUB-MID,4.0,4.0,,2019-08-28
ORD90966,8063,San Antonio,HUB-SOUTH,50.0,50.0,,2019-08-28
ORD90983,33887,Denver,HUB-WEST,50.0,50.0,,2019-08-28
ORD90994,37533,Charlotte,HUB-EAST,50.0,50.0,,2019-08-28
ORD91017,24726,Dallas,HUB-SOUTH,10.0,10.0,,2019-08-28
ORD91047,35685,San Antonio,HUB-SOUTH,36.0,36.0,,2019-08-28
ORD91048,40557,Fort Worth,HUB-SOUTH,1191.0,1191.0,,2019-08-28
ORD91071,42786,Los Angeles,HUB-WEST,6.0,6.0,,2019-08-29
ORD91073,30890,Austin,HUB-SOUTH,6.0,6.0,,2019-08-29
ORD91099,40514,San Diego,HUB-WEST,15.0,18.0,,2019-08-29
ORD91166,1234,Jacksonville,HUB-EAST,1.0,1.0,,2019-08-29
ORD91185,42786,New York,HUB-EAST,774.0,774.0,,2019-08-29
ORD91268,43227,Houston,HUB-SOUTH,9.0,42.0,,2019-08-29
ORD91269,43227,San Antonio,HUB-SOUTH,18.0,81.0,,2019-08-29
ORD91270,43227,San Francisco,HUB-WEST,288.0,594.0,135.0,2019-08-29
ORD91288,23794,Houston,HUB-SOUTH,2.0,2.0,10.0,2019-08-29
ORD91290,28472,San Diego,HUB-WEST,36.0,36.0,,2019-08-29
ORD91327,42264,Dallas,HUB-SOUTH,2.0,2.0,,2019-08-29
ORD91330,8063,Austin,HUB-SOUTH,2.0,2.0,,2019-08-29
ORD91332,33887,San Francisco,HUB-WEST,2.0,2.0,,2019-08-29
ORD91335,37533,San Antonio,HUB-SOUTH,2.0,2.0,,2019-08-29
ORD91390,29053,Chicago,HUB-MID,3.0,3.0,,2019-08-30
ORD91392,17191,San Francisco,HUB-WEST,3.0,3.0,,2019-08-30
ORD91393,17192,Philadelphia,HUB-EAST,3.0,3.0,,2019-08-30
ORD91422,42380,Nashville,HUB-EAST,3.0,15.0,,2019-08-30
ORD91479,42996,Indianapolis,HUB-MID,560.0,906.0,,2019-08-30
ORD91505,767,Los Angeles,HUB-WEST,218.0,483.0,,2019-08-30
ORD91519,36451,Seattle,HUB-WEST,10.0,10.0,,2019-08-30
ORD91535,18612,San Antonio,HUB-SOUTH,10.0,10.0,,2019-08-30
ORD91633,37533,New York,HUB-EAST,190.0,258.0,,2019-08-30
ORD91646,38668,Austin,HUB-SOUTH,7.0,7.0,,2019-08-30
ORD91730,19815,Indianapolis,HUB-MID,3.0,3.0,,2019-08-31
ORD91732,12560,Los Angeles,HUB-WEST,3.0,3.0,,2019-08-31
ORD91734,24483,Houston,HUB-SOUTH,3.0,3.0,,2019-08-31
ORD91761,11339,Charlotte,HUB-EAST,8.0,15.0,,2019-08-31
ORD91814,41108,Chicago,HUB-MID,19.0,30.0,,2019-08-31
ORD91832,9187,San Francisco,HUB-WEST,64.0,64.0,,2019-08-31
ORD91857,24477,New York,HUB-EAST,5.0,5.0,,2019-08-31
ORD91864,17275,Jacksonville,HUB-EAST,2.0,2.0,3.0,2019-08-31
ORD91884,27706,Houston,HUB-SOUTH,7.0,7.0,,2019-08-31
ORD91950,40540,Charlotte,HUB-EAST,2.0,2.0,,2019-08-31
ORD91975,33887,Philadelphia,HUB-EAST,1202.0,1202.0,,2019-08-31
ORD91978,33887,Austin,HUB-SOUTH,95.0,120.0,180.0,2019-08-31
ORD91986,42264,Seattle,HUB-WEST,601.0,601.0,,2019-08-31
